File Id;Country;Drone Model
00001;Algeria;AL fajer L-10
00002;Algeria;AMEL 300-3
00003;Algeria;AMEL 400-1
00004;Algeria;AMEL 700-2
00005;Algeria;CSS-01
00006;Argentina;AeroDreams Chi-7
00007;Argentina;AeroDreams Strix Reconnaissance
00008;Argentina;AeroVision Arcangel
00009;Argentina;ARA Guardian
00010;Argentina;FMA IA X 59 Dronner
00011;Argentina;"Lipáin M3 ""Apache"""
00012;Argentina;Lipáin XM4
00013;Argentina;Mantis
00014;Argentina;Nostromo Caburé
00015;Argentina;Nostromo Centinela
00016;Argentina;Nostromo Yagua
00017;Argentina;Nostromo Yarará
00018;Argentina;"Quimar MQ-1 ""Chimango"""
00019;Argentina;"Quimar MQ-2 ""Bigua"""
00020;Armenia;Krunk
00021;Armenia;X-55
00022;Australia;AAI Corporation Aerosonde Laima
00023;Australia;AAI Corporation Aerosonde Mk.1
00024;Australia;AAI Corporation Aerosonde Mk.2
00025;Australia;AAI Corporation Aerosonde Mk.3
00026;Australia;AAI Corporation Aerosonde Mk.4
00027;Australia;ADI Jandu
00028;Australia;ADRO Pelican Observer
00029;Australia;Aerosonde Aeroguard
00030;Australia;AVT Hammerhead
00031;Australia;AVT Hammerhead Advanced VTOL Aerospace
00032;Australia;BAE Brumby
00033;Australia;BAE Kingfisher
00034;Australia;Codarra Avatar
00035;Australia;Coptercam
00036;Australia;CSIRO Mantis
00037;Australia;Cyber Technology CyberEye
00038;Australia;Cyber Technology CyberQuad
00039;Australia;Cyber Technology CyberWraith
00040;Australia;Cyber Technology CyBird
00041;Australia;Entecho Demipod
00042;Australia;Entecho Mupod
00043;Australia;GAF Jindivik
00044;Australia;GAF Turana
00045;Australia;Silvertone Flamingo
00046;Australia;Sonacom Mirli
00047;Australia;Sydney University Brumby
00048;Australia;UAV Vision G18 Aeolus
00049;Australia;UAV Vision T21
00050;Australia;UAV Vision T26
00051;Australia;V-TOL Arrow
00052;Australia;V-TOL Explore
00053;Australia;V-TOL i-Copter Phantom
00054;Australia;V-TOL i-Copter Seeker
00055;Australia;V-TOL Mini Warrigal
00056;Australia;V-TOL Octocopter
00057;Australia;V-TOL Quadrotor
00058;Australia;V-TOL Warrigal Explorer
00059;Austria;Diamond Hero
00060;Austria;Schiebel Camcopter S-100
00061;Azerbaijan;Orbiter-2M
00062;Azerbaijan;Zarba
00063;Belarus;aOrion Helicopter E
00064;Belarus;Berkut
00065;Belarus;Grif-1
00066;Belarus;INDELA-I.N.SKY
00067;Belarus;Yastreb
00068;Belgium;AltiGator ALG-1000
00069;Belgium;AltiGator ALG-750
00070;Belgium;AltiGator ALG-EOS
00071;Belgium;B-Hunter UAV
00072;Belgium;Flying-Cam 3.0 SARAH
00073;Belgium;Gatewing X-100 UAV
00074;Belgium;MBLE Épervier
00075;Belgium;OnyxStar FOX-C8
00076;Belgium;OnyxStar FOX-C8 HD
00077;Belgium;OnyxStar FOX-C8 XT
00078;Belgium;OnyxStar HYDRA-12
00079;Belgium;OnyxStar XENA
00080;Brazil;14-X
00081;Brazil;A-20 LTA VANT
00082;Brazil;Acauã VANT
00083;Brazil;Aeromot K1AM
00084;Brazil;AGPlane
00085;Brazil;Arara M1
00086;Brazil;Arara T1
00087;Brazil;Avibras Falcão
00088;Brazil;Azimute
00089;Brazil;BQM-1BR
00090;Brazil;Caçador
00091;Brazil;Carcara II
00092;Brazil;Carcara Infantry
00093;Brazil;DELTA CR
00094;Brazil;DELTA SR
00095;Brazil;Dumont
00096;Brazil;Echar 20A
00097;Brazil;Eletron
00098;Brazil;Flight Technologies FS-01 Watchdog
00099;Brazil;Flight Technologies FS-02 AvantVision
00100;Brazil;Flight Technologies FS-03
00101;Brazil;Flight Technologies FT-100
00102;Brazil;Flight Technologies FT-200 Watchdog
00103;Brazil;Flight Technologies VT-15
00104;Brazil;Gyro 200 ED
00105;Brazil;Gyro 500
00106;Brazil;Harpia
00107;Brazil;Hornet H2
00108;Brazil;Jabirú
00109;Brazil;Nauru 500A
00110;Brazil;Proton
00111;Brazil;SARVant
00112;Brazil;Sea Runner
00113;Brazil;Tiriba
00114;Brazil;XMobots Apoema 1000B LALE
00115;Bulgaria;M-200
00116;Bulgaria;NITI
00117;Bulgaria;P-200
00118;Bulgaria;RUM-2MB
00119;Bulgaria;UtRUM
00120;Canada;ADVANCED SUBSONICS/XIPHOS Grasshopper
00121;Canada;Aeryon Scout
00122;Canada;Aeryon SkyRaider R80D
00123;Canada;Aeryon SkyRanger R60
00124;Canada;Aeryon SkyRanger R70
00125;Canada;Canadair CL-89
00126;Canada;CH-160
00127;Canada;CH-280
00128;Canada;CH-320
00129;Canada;CL-227 Sentinel
00130;Canada;CL-289
00131;Canada;CL-327 Guardian
00132;Canada;CU-162 Vindicator
00133;Canada;Draganfly Tango
00134;Canada;Draganflyer E4
00135;Canada;Draganflyer X4
00136;Canada;Draganflyer X6
00137;Canada;Draganflyer X8
00138;Canada;Meggitt Vindicator II
00139;Canada;MMIST CQ-10 Snowgoose
00140;Canada;PrecisionHawk Lancaster
00141;Canada;Prioria Robotics Maveric
00142;Canada;Silver Fox ALIX
00143;Cayman Islands;Pegasus Aerospace PQO-3 Odyssey
00144;Cayman Islands;Pegasus Aerospace PQV-4 Vulcan
00145;Chile;Lascar UAV
00146;Chile;Sirol
00147;Chile;Sirol 221
00148;Chile;Stardust II
00149;China (PRC);AEE F100
00150;China (PRC);AEE F50
00151;China (PRC);Aeolus E800
00152;China (PRC);AFT Free Bird
00153;China (PRC);AFT Hexacopter
00154;China (PRC);AFT J-10 Simulation Drone
00155;China (PRC);AFT Single Soldier I
00156;China (PRC);AFWL Type 170 UAV
00157;China (PRC);AHIC AH-1
00158;China (PRC);AHIC AH-3
00159;China (PRC);AI Bird Gull 1
00160;China (PRC);AI Bird Hexacopter
00161;China (PRC);AI Bird KC-1600 Sky Hawk
00162;China (PRC);AI Bird KC-2000
00163;China (PRC);AI Bird KC-2400
00164;China (PRC);AI Bird KC-2800
00165;China (PRC);AI Bird KC-9
00166;China (PRC);AI Bird Quadrotor
00167;China (PRC);AI Bird Sea Eagle 1
00168;China (PRC);AI Bird SY-2000
00169;China (PRC);Aisheng ASN-1
00170;China (PRC);Aisheng ASN-101
00171;China (PRC);Aisheng ASN-102
00172;China (PRC);Aisheng ASN-104
00173;China (PRC);Aisheng ASN-105
00174;China (PRC);Aisheng ASN-105A
00175;China (PRC);Aisheng ASN-105B
00176;China (PRC);Aisheng ASN-106
00177;China (PRC);Aisheng ASN-109
00178;China (PRC);Aisheng ASN-12
00179;China (PRC);Aisheng ASN-15
00180;China (PRC);Aisheng ASN-205
00181;China (PRC);Aisheng ASN-206
00182;China (PRC);Aisheng ASN-207
00183;China (PRC);Aisheng ASN-209
00184;China (PRC);Aisheng ASN-211
00185;China (PRC);Aisheng ASN-212
00186;China (PRC);Aisheng ASN-213
00187;China (PRC);Aisheng ASN-215
00188;China (PRC);Aisheng ASN-216
00189;China (PRC);Aisheng ASN-217
00190;China (PRC);Aisheng ASN-218
00191;China (PRC);Aisheng ASN-229
00192;China (PRC);Aisheng ASN-345
00193;China (PRC);Aisheng ASN-7
00194;China (PRC);Aisheng ASN-9
00195;China (PRC);Aisheng ASN-SE1
00196;China (PRC);Aisheng BJ7104
00197;China (PRC);Aisheng BZK-006
00198;China (PRC);Aisheng D-4
00199;China (PRC);Aisheng DCK-006
00200;China (PRC);Aisheng Drone 2
00201;China (PRC);Aisheng Drone 2B
00202;China (PRC);Aisheng Drone 2D
00203;China (PRC);Aisheng Drone-7
00204;China (PRC);Aisheng Drone-9
00205;China (PRC);Aisheng JWP01
00206;China (PRC);Aisheng JWP02
00207;China (PRC);Aisheng Silver Eagle
00208;China (PRC);Aisheng WZ-6
00209;China (PRC);Aisuo Unmanned helicopter
00210;China (PRC);All Tech KWT-6L
00211;China (PRC);All Tech KWT-6M
00212;China (PRC);All Tech KWT-6Q
00213;China (PRC);Arc Ar 17
00214;China (PRC);Art-Tech ATU-10
00215;China (PRC);Art-Tech ATUH-20
00216;China (PRC);Art-Tech ATUH-5
00217;China (PRC);AT200 cargo UAV (Star UAV System)[4]
00218;China (PRC);AUTC A1
00219;China (PRC);AUTC A2
00220;China (PRC);AUTC Fixed-wing UAV 1
00221;China (PRC);AUTC Fixed-wing UAV 2
00222;China (PRC);AUTC Unmanned blimp
00223;China (PRC);AVIC 601-S Cloud Bow
00224;China (PRC);AVIC 601-S Dark Sword
00225;China (PRC);AVIC 601-S Shape Varying UAV
00226;China (PRC);AVIC 601-S Sharp Sword
00227;China (PRC);AVIC 601-S Sky Crossbow
00228;China (PRC);AVIC 601-S Warrior Eagle
00229;China (PRC);AVIC 601-S Wind Blade
00230;China (PRC);AVIC AW-12
00231;China (PRC);AVIC AW-2 Falcon Hawk
00232;China (PRC);AVIC AW-4 Shark II
00233;China (PRC);AVIC Blue Whale
00234;China (PRC);AVIC Cloud Shadow
00235;China (PRC);AVIC Electrically powered MAV
00236;China (PRC);AVIC FK-1
00237;China (PRC);AVIC FK-11
00238;China (PRC);AVIC FK-12
00239;China (PRC);AVIC FK-13
00240;China (PRC);AVIC FK-14
00241;China (PRC);AVIC FK-15
00242;China (PRC);AVIC FK-2
00243;China (PRC);AVIC FK-2000
00244;China (PRC);AVIC FK-22
00245;China (PRC);AVIC FK-6
00246;China (PRC);AVIC FKC-1
00247;China (PRC);AVIC Flying Swan Goose
00248;China (PRC);AVIC Golden Eagle 3
00249;China (PRC);AVIC Golden Eagle 3A
00250;China (PRC);AVIC Golden Eagle 5
00251;China (PRC);AVIC JC-1
00252;China (PRC);AVIC K800
00253;China (PRC);AVIC LIEOE UAV
00254;China (PRC);AVIC Liu Feng 1
00255;China (PRC);AVIC LT MAV
00256;China (PRC);AVIC Pioneer 01 (Avant-Courier)
00257;China (PRC);AVIC Platypus
00258;China (PRC);AVIC Short-Tailed Falcon (Bateleur)
00259;China (PRC);AVIC Sky Eye
00260;China (PRC);AVIC Soft-Wing UAV
00261;China (PRC);AVIC TL-8 Sky Dragon
00262;China (PRC);AVIC Unique Shadow 8
00263;China (PRC);AVIC Whirlwind Scout
00264;China (PRC);AVIC XLB Patroller
00265;China (PRC);AVIC YY-1 Swift
00266;China (PRC);BCMS Fixed-wing UAV
00267;China (PRC);BESTUAV Divine Eagle 1
00268;China (PRC);BESTUAV Divine Eagle 2
00269;China (PRC);BESTUAV Divine Eagle 3
00270;China (PRC);BESTUAV Divine Eagle 5
00271;China (PRC);BISTU Snowy Owl I
00272;China (PRC);BIT Falcon
00273;China (PRC);BIT Foldable UAV
00274;China (PRC);BIT Golden Swing
00275;China (PRC);BIT Gun-Launched UAV
00276;China (PRC);BIT M-5 Phantom
00277;China (PRC);BIT Miniature UAV
00278;China (PRC);BJT Tech Coaxial unmanned helicopter
00279;China (PRC);BJT Tech Hexacopter
00280;China (PRC);BJT Tech Miniature unmanned helicopter
00281;China (PRC);BJT Tech Multirotor
00282;China (PRC);BJT Tech Octocopter
00283;China (PRC);BJT Tech Police unmanned helicopter
00284;China (PRC);BJT Tech Survey unmanned helicopter
00285;China (PRC);BJT Tech Unmanned blimp
00286;China (PRC);BJT Tech YTQC-HS
00287;China (PRC);Blue Sky 100 kg class UAV
00288;China (PRC);Blue Sky 260 UAV
00289;China (PRC);Blue Sky 260E UAV
00290;China (PRC);Blue Sky 70 kg class UAV
00291;China (PRC);Blue Sky Joker 3
00292;China (PRC);Blue Sky LT Modular UAV
00293;China (PRC);Blue Sky LT-520
00294;China (PRC);Blue Sky LTF-10
00295;China (PRC);Blue Sky LTF-6
00296;China (PRC);Blue Sky Octocopter
00297;China (PRC);Blue Sky Reconnaissance UAV
00298;China (PRC);Blue Sky Type I
00299;China (PRC);Blue Sky Type II
00300;China (PRC);Blue Sky Type III
00301;China (PRC);BMP D240
00302;China (PRC);BMP DF
00303;China (PRC);BMP LHK
00304;China (PRC);BMP MOS UAV
00305;China (PRC);BMP T6
00306;China (PRC);BMP Unmanned Blimp
00307;China (PRC);BMP VTOL UAV
00308;China (PRC);BMP YZ-6
00309;China (PRC);BMP YZ-8
00310;China (PRC);BSF Fixed-Wing UAV
00311;China (PRC);BSF Rotary-Wing UAV
00312;China (PRC);BUAA Booby
00313;China (PRC);BUAA Drone 6
00314;China (PRC);BUAA F-120
00315;China (PRC);BUAA Falcon Eagle
00316;China (PRC);BUAA FH-1
00317;China (PRC);BUAA FH-2
00318;China (PRC);BUAA Grey Bee I
00319;China (PRC);BUAA Grey Bee II
00320;China (PRC);BUAA Long Eagle
00321;China (PRC);BUAA M-18 Gull I
00322;China (PRC);BUAA M-21
00323;China (PRC);BUAA M-22
00324;China (PRC);BUAA M-28 Gull II
00325;China (PRC);BUAA Platypus
00326;China (PRC);BUAA Posion Bee I
00327;China (PRC);BUAA Posion Bee II
00328;China (PRC);BUAA Quadrotor
00329;China (PRC);BUAA Sino-France I
00330;China (PRC);BUAA Sino-France II
00331;China (PRC);BUAA Tiltrotor
00332;China (PRC);BUAA Tiltwing
00333;China (PRC);BVE B1-100
00334;China (PRC);BVE B-400
00335;China (PRC);BVE Shark-120
00336;China (PRC);BVE X-Copter
00337;China (PRC);CAIC AV-1000
00338;China (PRC);CAIC AV-200
00339;China (PRC);CAIC AV-300
00340;China (PRC);CAIC AV-400
00341;China (PRC);CAIC AV-500
00342;China (PRC);CAIC AV-75
00343;China (PRC);CAIC Clean energy unmanned helicopter
00344;China (PRC);CAIC U8E
00345;China (PRC);CAIG GJ-I
00346;China (PRC);CAIG Pterodactyl I
00347;China (PRC);CAIG Pterodactyl II
00348;China (PRC);CAIG Pterosaur I
00349;China (PRC);CAIG Sky Wing I
00350;China (PRC);CAIG Sky Wing IH
00351;China (PRC);CAIG Sky Wing III
00352;China (PRC);CAIG Wing Loong
00353;China (PRC);CAIG WJ-1
00354;China (PRC);Carvedge GC-M4R
00355;China (PRC);CAS 10 liter class UAV
00356;China (PRC);CAS 20 liter class UAV
00357;China (PRC);CAS 5 liter class UAV
00358;China (PRC);CAS Expedition 1
00359;China (PRC);CAS Expedition 2
00360;China (PRC);CAS Expedition 3
00361;China (PRC);CAS Expedition 5
00362;China (PRC);CAS Expedition 6
00363;China (PRC);CAS Expedition 7
00364;China (PRC);CAS Expedition 8
00365;China (PRC);CAS Mountain Eagle
00366;China (PRC);CASC 80 kg class rotary wing UAV
00367;China (PRC);CASC CH-1
00368;China (PRC);CASC CH-2
00369;China (PRC);CASC CH-3
00370;China (PRC);CASC CH-3A
00371;China (PRC);CASC CH-4
00372;China (PRC);CASC CH-5
00373;China (PRC);CASC CH-802
00374;China (PRC);CASC CH-803
00375;China (PRC);CASC CH-901
00376;China (PRC);CASC CH-91
00377;China (PRC);CASC CH-92
00378;China (PRC);CASC Hexacopter
00379;China (PRC);CASC Peace Map UAV
00380;China (PRC);CASC PW-1
00381;China (PRC);CASC PW-2
00382;China (PRC);CASC SL-200
00383;China (PRC);CASC Twin engine UAV
00384;China (PRC);CASIC Eaglet 3A
00385;China (PRC);CASIC HW-100 Sparrowhawk
00386;China (PRC);CASIC HW-110
00387;China (PRC);CASIC HW-110A
00388;China (PRC);CASIC HW-120
00389;China (PRC);CASIC HW-200 Blast-Off
00390;China (PRC);CASIC HW-200A Blast-Off
00391;China (PRC);CASIC HW-200B Blast-Off
00392;China (PRC);CASIC HW-210
00393;China (PRC);CASIC HW-220
00394;China (PRC);CASIC HW-230
00395;China (PRC);CASIC HW-260
00396;China (PRC);CASIC HW-300 Blade
00397;China (PRC);CASIC HW-300B
00398;China (PRC);CASIC HW-310
00399;China (PRC);CASIC HW-320
00400;China (PRC);CASIC HW-510
00401;China (PRC);CASIC HW-600 Sky Hawk (WJ-600)
00402;China (PRC);CASIC HW-610
00403;China (PRC);CASIC HW-800
00404;China (PRC);CASIC HW-X100 Soar Cloud
00405;China (PRC);CASIC HW-X110A
00406;China (PRC);CASIC HW-X110B
00407;China (PRC);CASIC HW-X200
00408;China (PRC);CASIC JK-12
00409;China (PRC);CASIC JK-20
00410;China (PRC);CASIC JKZ-20A
00411;China (PRC);CASIC JKZ-40
00412;China (PRC);CASIC JZ-40
00413;China (PRC);CASIC Near space vehicle
00414;China (PRC);CASIC SF-460 Blade
00415;China (PRC);CASIC Sky Hawk 1
00416;China (PRC);CASIC Sky Hawk 3
00417;China (PRC);CASIC Sky Hawk 3A
00418;China (PRC);CASIC Sky Hawk 3B
00419;China (PRC);CASIC T-1
00420;China (PRC);CASIC T-1C
00421;China (PRC);CASIC T-8
00422;China (PRC);CASIC TF-1
00423;China (PRC);CASIC TF-10
00424;China (PRC);CASIC TF-1-06
00425;China (PRC);CASIC TF-1C
00426;China (PRC);CASIC TF-1D Blade
00427;China (PRC);CASIC TF-3 Sunbird
00428;China (PRC);CASIC TF-5
00429;China (PRC);CASIC TF-6
00430;China (PRC);CASIC TF-8
00431;China (PRC);CASIC TF-8C
00432;China (PRC);CASIC TX-1
00433;China (PRC);CASIC WJ-010
00434;China (PRC);CASIC WJ-100 Blade
00435;China (PRC);CASIC WJ-500
00436;China (PRC);CASIC WJ-600 A/D
00437;China (PRC);CASM CK-FT070
00438;China (PRC);CASM CK-FT100
00439;China (PRC);CASM CK-FT120
00440;China (PRC);CASM CK-FT140
00441;China (PRC);CASM CK-FT180
00442;China (PRC);CASM CK-GY01
00443;China (PRC);CASM CK-GY02
00444;China (PRC);CASM CK-GY03
00445;China (PRC);CASM CK-GY04 CHY
00446;China (PRC);CASM CK-GY04 Survey Eagle
00447;China (PRC);CASM CK-GY06 (CK-YY06)
00448;China (PRC);CASM CK-HW13 (battery-powered)
00449;China (PRC);CASM CK-HW13 (gasoline-powered)
00450;China (PRC);CASM Overseer UAVRS-10
00451;China (PRC);CASM Overseer UAVRS-20
00452;China (PRC);CASM Overseer UAVRS-F
00453;China (PRC);CASM Overseer UAVRS-I (UAVRS-1)
00454;China (PRC);CASM Overseer UAVRS-II
00455;China (PRC);CASM ZC Twin Engine UAV
00456;China (PRC);CASM ZC-1
00457;China (PRC);CASM ZC-2
00458;China (PRC);CASM ZC-3
00459;China (PRC);CASM ZC-5
00460;China (PRC);CASM ZC-7
00461;China (PRC);CAUC Inflatable flying wing
00462;China (PRC);CAUC Scorpius 200
00463;China (PRC);CAUC Setout
00464;China (PRC);CAUC XC-1 Flying Shuttle
00465;China (PRC);CBA Type 01
00466;China (PRC);CBA Type 02
00467;China (PRC);CBA Type 03
00468;China (PRC);CDADI CADI-1
00469;China (PRC);CDADI CADI-3
00470;China (PRC);CDADI Coaxial Shape Varying Rotary Wing UAV
00471;China (PRC);CDADI Leap Dragon
00472;China (PRC);CDADI Mad Warrior
00473;China (PRC);CDADI Rotary Dragon
00474;China (PRC);CDADI Sea Patroller
00475;China (PRC);CDADI VD200
00476;China (PRC);CDADI VMA-01
00477;China (PRC);CH-3
00478;China (PRC);CH-4
00479;China (PRC);CH-5
00480;China (PRC);ChangKong-2
00481;China (PRC);Chaoyi CY-105
00482;China (PRC);Chaoyi CY-208
00483;China (PRC);Chaoyi Jet powered drone
00484;China (PRC);Chaoyi X401 Whirlwind
00485;China (PRC);Chaoyi X402 Whirlwind
00486;China (PRC);Chaoyi X601 Photographer
00487;China (PRC);Chengde Police Bureau Hawk Eye I
00488;China (PRC);Chengde Police Bureau Hawk Eye II
00489;China (PRC);Chichang FY-JS80
00490;China (PRC);Chichang FY-TQ260
00491;China (PRC);China Eagle GY-SMG-1500
00492;China (PRC);China Eagle GY-SMG-210
00493;China (PRC);China Eagle GY-SMG-220
00494;China (PRC);China Eagle GY-SMG-500
00495;China (PRC);China Eagle GY-SMG-620
00496;China (PRC);China Eagle GY-SMG-800
00497;China (PRC);China Eagle GY-SMS-1000
00498;China (PRC);China Eagle GY-SMS-300
00499;China (PRC);China Eagle GY-SMS-800
00500;China (PRC);China Eagle GY-SMZ-260
00501;China (PRC);China Eagle GY-SMZ-520
00502;China (PRC);China Eagle GY-SMZ-800
00503;China (PRC);Chinese Aviation Museum Remotely Controlled Eagle
00504;China (PRC);Chiny Aircraft CCA-C13
00505;China (PRC);Chiny Aircraft CCA-C15
00506;China (PRC);Chiny Aircraft CCA-C20
00507;China (PRC);Chiny Aircraft CCA-C30
00508;China (PRC);Chiny Aircraft CCA-H7
00509;China (PRC);Chiny Aircraft CCA-H9
00510;China (PRC);Chiny Aircraft CCA-HS9
00511;China (PRC);Chunyi CY-01H Hua Ying
00512;China (PRC);Chunyi CY-01V Hua Ying
00513;China (PRC);Chunyi CY-02 Little White
00514;China (PRC);Chunyi CY-03 Big White
00515;China (PRC);Chunyi CY-04 Crow mav
00516;China (PRC);Chunyi CY-05 Falcon
00517;China (PRC);Chunyi CY-05 Quick Eye
00518;China (PRC);Chunyi CY-06 Shooting Star
00519;China (PRC);Chunyi CY-07
00520;China (PRC);Chunyi CY-08 Flying Saucer with Delta Wing
00521;China (PRC);Chunyi CY-10
00522;China (PRC);Chunyi CY-X6
00523;China (PRC);Chunyi F-16 Simulation Drone
00524;China (PRC);Chunyi F-22 Simulation Drone
00525;China (PRC);CNPC Unmanned helicopter
00526;China (PRC);CNPC WT-C02
00527;China (PRC);CNPC WT-C03
00528;China (PRC);CPPC UAV
00529;China (PRC);CQUT Fixed-wing UAV
00530;China (PRC);CQUT Quadcopter
00531;China (PRC);Creaton T10 Hornet
00532;China (PRC);Creaton T10N Nano Hornet
00533;China (PRC);Creaton T10S
00534;China (PRC);Creaton T15
00535;China (PRC);Creaton T15F
00536;China (PRC);Creaton T16
00537;China (PRC);Creaton T20
00538;China (PRC);Creaton T21
00539;China (PRC);Creaton T26
00540;China (PRC);Creaton T5
00541;China (PRC);Creaton T6
00542;China (PRC);CSCA SF-GS
00543;China (PRC);CSCA SSC-1000EP mini
00544;China (PRC);CSCA SSC-11D
00545;China (PRC);CSCA SSC-13D
00546;China (PRC);CSCA SSC-2000EP
00547;China (PRC);CSCA SSC-20D
00548;China (PRC);CSCA SSC-GS-01
00549;China (PRC);CSCA SSC-GS-02
00550;China (PRC);CSCA SSC-GS-03
00551;China (PRC);CSCA SSC-GS16D
00552;China (PRC);CSCA SSC-H260
00553;China (PRC);CSCA SSC-H800
00554;China (PRC);CSG Hexacopter
00555;China (PRC);Dadi Survey Dadi Eagle D-I
00556;China (PRC);Dadi Survey Dadi Eagle D-II
00557;China (PRC);Dadi Survey Dadi Eagle D-III
00558;China (PRC);Dadi Survey MRS-012
00559;China (PRC);Dadi Survey MRS-016
00560;China (PRC);DHY CN-1
00561;China (PRC);Divine Ark Military blimp
00562;China (PRC);Divine Ark ST-3 Pioneer 3
00563;China (PRC);Divine Horse Agricultural unmanned helicopter
00564;China (PRC);Divine Horse Fixed wing UAV
00565;China (PRC);Divine Horse Unmanned helicopter
00566;China (PRC);DJI Flame Wheel F330
00567;China (PRC);DJI Flame Wheel F450
00568;China (PRC);DJI Flame Wheel F550
00569;China (PRC);DJI Phantom 1
00570;China (PRC);DJI Phantom 2
00571;China (PRC);DJI Phantom 2 Vision
00572;China (PRC);DJI Phantom 2 Vision+
00573;China (PRC);DJI Phantom FC40
00574;China (PRC);DJI Spreading Wings S1000
00575;China (PRC);DJI Spreading Wings S800
00576;China (PRC);DJI Spreading Wings S800 EVO
00577;China (PRC);DJI Spreading Wings S900
00578;China (PRC);DJI Unmanned helicopter
00579;China (PRC);"Dove ""spy bird"" UAV[5]"
00580;China (PRC);Eastern Green Garden 3WFD-10
00581;China (PRC);Efly-Hobby EF008
00582;China (PRC);Efly-Hobby YF700
00583;China (PRC);Ehang Ghost
00584;China (PRC);Ehang Hexacopter
00585;China (PRC);Elecpr RU100
00586;China (PRC);Elecpr RU200
00587;China (PRC);Elecpr RU650
00588;China (PRC);Emil China Star 01-015
00589;China (PRC);Emil China Sword 10-015
00590;China (PRC);Emil China Sword 11-080
00591;China (PRC);Emil Shining Star 1
00592;China (PRC);EOMST Police unmanned blimp
00593;China (PRC);EOMST Type 1100A
00594;China (PRC);EOMST Type 1100B
00595;China (PRC);EOMST Type 1200B
00596;China (PRC);EOMST Type 1200C
00597;China (PRC);EOMST Type 1300B
00598;China (PRC);EOMST Type 1300C
00599;China (PRC);EOMST Type 1500B
00600;China (PRC);EOMST Type 900B
00601;China (PRC);EOMST YC23
00602;China (PRC);EOMST ZCHM1/11
00603;China (PRC);Ewatt EWG-I
00604;China (PRC);Ewatt EWZ-120
00605;China (PRC);Ewatt EWZ-I
00606;China (PRC);Ewatt EWZ-II
00607;China (PRC);Ewatt EWZ-S
00608;China (PRC);Ewatt EWZ-S8
00609;China (PRC);FACRI 250 unmanned helicopter
00610;China (PRC);FACRI AF811 Aerial Robot
00611;China (PRC);FACRI AR-200 Unmanned helicopter
00612;China (PRC);Fangzhou 12-m class basic version unmanned blimp
00613;China (PRC);Fangzhou 12-m class ducted fan powered class unmanned blimp
00614;China (PRC);Fangzhou 12-m class industrial unmanned blimp
00615;China (PRC);Fangzhou 12-m class research unmanned blimp
00616;China (PRC);Fangzhou 13-m class aerial survey unmanned blimp
00617;China (PRC);Fangzhou 13-m class basic version unmanned blimp
00618;China (PRC);Fangzhou 13-m class ducted fan powered class unmanned blimp
00619;China (PRC);Fangzhou 13-m class industrial unmanned blimp
00620;China (PRC);Fangzhou 13-m class research unmanned blimp
00621;China (PRC);Fangzhou 15-m class aerial survey unmanned blimp
00622;China (PRC);Fangzhou 15-m class basic version unmanned blimp
00623;China (PRC);Fangzhou 15-m class ducted fan powered class unmanned blimp
00624;China (PRC);Fangzhou 15-m class industrial unmanned blimp
00625;China (PRC);Fangzhou 15-m class research unmanned blimp
00626;China (PRC);Fangzhou 15-m class surveillance unmanned blimp
00627;China (PRC);Fangzhou 17-m class aerial survey unmanned blimp
00628;China (PRC);Fangzhou 17-m class ducted fan powered class unmanned blimp
00629;China (PRC);Fangzhou 17-m class industrial unmanned blimp
00630;China (PRC);Fangzhou 17-m class research unmanned blimp
00631;China (PRC);Fangzhou 17-m class surveillance unmanned blimp
00632;China (PRC);Fangzhou 20-m class aerial survey unmanned blimp
00633;China (PRC);Fangzhou 20-m class ducted fan powered class unmanned blimp
00634;China (PRC);Fangzhou 20-m class industrial unmanned blimp
00635;China (PRC);Fangzhou 20-m class research unmanned blimp
00636;China (PRC);Fangzhou 20-m class surveillance unmanned blimp
00637;China (PRC);Fangzhou 25-m class aerial survey unmanned blimp
00638;China (PRC);Fangzhou 25-m class ducted fan powered class unmanned blimp
00639;China (PRC);Fangzhou 25-m class industrial unmanned blimp
00640;China (PRC);Fangzhou 25-m class research unmanned blimp
00641;China (PRC);Fangzhou 25-m class surveillance unmanned blimp
00642;China (PRC);Fangzhou 2-m class electrically powered unmanned blimp
00643;China (PRC);Fangzhou 4-m class electrically powered unmanned blimp
00644;China (PRC);Fangzhou 6-m class electrically powered unmanned blimp
00645;China (PRC);Fangzhou 8-m class electrically powered unmanned blimp
00646;China (PRC);Fangzhou 9-m class aerial survey unmanned blimp
00647;China (PRC);Fangzhou 9-m class ducted fan powered class unmanned blimp
00648;China (PRC);Fangzhou 9-m class industrial unmanned blimp
00649;China (PRC);Fangzhou 9-m class research unmanned blimp
00650;China (PRC);Feiyu Tech FY-X4 Pro Quadcopter
00651;China (PRC);Feiyu Tech FY-Y6 Scorpion Copter
00652;China (PRC);Fengfan Will Power X-1
00653;China (PRC);FJUT Fixed-wing UAV
00654;China (PRC);FJUT Quadcopter
00655;China (PRC);FJUT Surveillance UAV
00656;China (PRC);FJUT Survey UAV
00657;China (PRC);Flying Eagle unmanned blimp
00658;China (PRC);Flying Fox UAV
00659;China (PRC);FYAT 260 unmanned helicopter
00660;China (PRC);FYAT 35 kg class unmanned helicopter
00661;China (PRC);FYAT Cessna Simulator
00662;China (PRC);FYAT Dodecacopter
00663;China (PRC);FYAT Ducted Fan UAV
00664;China (PRC);FYAT Experimental Quadcopter
00665;China (PRC);FYAT FHP-Z1622
00666;China (PRC);FYAT FHP-Z615
00667;China (PRC);FYAT FHP-Z617
00668;China (PRC);FYAT FHP-Z822
00669;China (PRC);FYAT H8
00670;China (PRC);FYAT Intelligent Eagle
00671;China (PRC);FYAT Magic Talon Hexacopter
00672;China (PRC);FYAT Magic Talon Quadcopter
00673;China (PRC);FYAT Magic Talon ZC001
00674;China (PRC);FYAT Micro Quadcopter
00675;China (PRC);FYAT Octadecacopter
00676;China (PRC);FYAT Pathfinder
00677;China (PRC);FYAT Quadcopter
00678;China (PRC);FYAT ScanEagle Simulator
00679;China (PRC);FYAT Shield
00680;China (PRC);FYAT Survey UAV
00681;China (PRC);FYAT Unmanned blimp
00682;China (PRC);FYFT A1-1100
00683;China (PRC);FYFT A1-1200
00684;China (PRC);FYFT A1-1300
00685;China (PRC);FYFT A1-1500
00686;China (PRC);FYFT A1-900
00687;China (PRC);FYFT A2-1100
00688;China (PRC);FYFT A2-1200
00689;China (PRC);FYFT A2-1300
00690;China (PRC);FYFT A2-1500
00691;China (PRC);FYFT A2-900
00692;China (PRC);FYFT A3-1200
00693;China (PRC);FYFT A3-1300
00694;China (PRC);FYFT A3-1400
00695;China (PRC);FYFT A3-1500
00696;China (PRC);FYFT A3-1600
00697;China (PRC);FYFT A4-1200
00698;China (PRC);FYFT A4-1300
00699;China (PRC);FYFT A4-1400
00700;China (PRC);FYFT A4-1500
00701;China (PRC);FYFT A4-1600
00702;China (PRC);FYFT A5-1200
00703;China (PRC);FYFT A5-1300
00704;China (PRC);FYFT A5-1400
00705;China (PRC);FYFT A5-1500
00706;China (PRC);FYFT A5-1600
00707;China (PRC);FYFT A6-1200
00708;China (PRC);FYFT A6-1300
00709;China (PRC);FYFT A6-1400
00710;China (PRC);FYFT A6-1500
00711;China (PRC);FYFT A6-1600
00712;China (PRC);FYFT A7-1100
00713;China (PRC);FYFT A7-1200
00714;China (PRC);FYFT A7-1300
00715;China (PRC);FYFT A7-1400
00716;China (PRC);FYFT A7-900
00717;China (PRC);FYFT E6-700
00718;China (PRC);FYFT E6M-600
00719;China (PRC);FYFT E7-600
00720;China (PRC);FYFT E7-700
00721;China (PRC);FYFT E7-800
00722;China (PRC);FYFT G1-1100
00723;China (PRC);FYFT G1-1200
00724;China (PRC);FYFT G1-1300
00725;China (PRC);FYFT G1-1500
00726;China (PRC);FYFT G1-900
00727;China (PRC);FYFT G2-1100
00728;China (PRC);FYFT G2-1200
00729;China (PRC);FYFT G2-1300
00730;China (PRC);FYFT G2-1500
00731;China (PRC);FYFT G2-900
00732;China (PRC);FYFT G3-1100
00733;China (PRC);FYFT G3-1200
00734;China (PRC);FYFT G3-1300
00735;China (PRC);FYFT G3-1500
00736;China (PRC);FYFT G3-900
00737;China (PRC);FYFT G4-1100
00738;China (PRC);FYFT G4-1200
00739;China (PRC);FYFT G4-1300
00740;China (PRC);FYFT G4-1500
00741;China (PRC);FYFT G4-900
00742;China (PRC);FYFT G5-1100
00743;China (PRC);FYFT G5-1200
00744;China (PRC);FYFT G5-1300
00745;China (PRC);FYFT G5-1500
00746;China (PRC);FYFT G5-900
00747;China (PRC);FYFT G6-1100
00748;China (PRC);FYFT G6-1200
00749;China (PRC);FYFT G6-1300
00750;China (PRC);FYFT G6-1500
00751;China (PRC);FYFT G6-900
00752;China (PRC);FYFT G7-1100
00753;China (PRC);FYFT G7-1200
00754;China (PRC);FYFT G7-1300
00755;China (PRC);FYFT G7-1500
00756;China (PRC);FYFT G7-900
00757;China (PRC);FYFT i-series unmanned blimp
00758;China (PRC);FYFT M1-1100
00759;China (PRC);FYFT M1-1200
00760;China (PRC);FYFT M1-1300
00761;China (PRC);FYFT M1-1500
00762;China (PRC);FYFT M1-900
00763;China (PRC);FYFT M2-1100
00764;China (PRC);FYFT M2-1200
00765;China (PRC);FYFT M2-1300
00766;China (PRC);FYFT M2-1500
00767;China (PRC);FYFT M2-900
00768;China (PRC);FYFT M3-1100
00769;China (PRC);FYFT M3-1200
00770;China (PRC);FYFT M3-1300
00771;China (PRC);FYFT M3-1500
00772;China (PRC);FYFT M3-900
00773;China (PRC);FYFT M4-1100
00774;China (PRC);FYFT M4-1200
00775;China (PRC);FYFT M4-1300
00776;China (PRC);FYFT M4-1500
00777;China (PRC);FYFT M4-900
00778;China (PRC);FYFT M5-1100
00779;China (PRC);FYFT M5-1200
00780;China (PRC);FYFT M5-1300
00781;China (PRC);FYFT M5-1500
00782;China (PRC);FYFT M5-900
00783;China (PRC);FYFT M6-1200
00784;China (PRC);FYFT M6-1300
00785;China (PRC);FYFT M6-1400
00786;China (PRC);FYFT M6-1500
00787;China (PRC);FYFT M6-1600
00788;China (PRC);FYFT M6-2000
00789;China (PRC);FYFT M7-1100
00790;China (PRC);FYFT M7-1200
00791;China (PRC);FYFT M7-1300
00792;China (PRC);FYFT M7-1500
00793;China (PRC);FYFT M7-900
00794;China (PRC);FYFT P1-1100
00795;China (PRC);FYFT P1-1200
00796;China (PRC);FYFT P1-1300
00797;China (PRC);FYFT P1-1400
00798;China (PRC);FYFT P1-1500
00799;China (PRC);FYFT P1-900
00800;China (PRC);FYFT P2-1100
00801;China (PRC);FYFT P2-1200
00802;China (PRC);FYFT P2-1300
00803;China (PRC);FYFT P2-1500
00804;China (PRC);FYFT P2-900
00805;China (PRC);FYFT P3-1100
00806;China (PRC);FYFT P3-1200
00807;China (PRC);FYFT P3-1300
00808;China (PRC);FYFT P3-1500
00809;China (PRC);FYFT P3-900
00810;China (PRC);FYFT P4-series unmanned blimps
00811;China (PRC);FYFT P5-series unmanned blimps
00812;China (PRC);FYFT P6-1100
00813;China (PRC);FYFT P6-1200
00814;China (PRC);FYFT P6-1300
00815;China (PRC);FYFT P6-1500
00816;China (PRC);FYFT P6-900
00817;China (PRC);FYFT P7-1100
00818;China (PRC);FYFT P7-1200
00819;China (PRC);FYFT P7-1300
00820;China (PRC);FYFT P7-1500
00821;China (PRC);FYFT S1-1100
00822;China (PRC);FYFT S1-1200
00823;China (PRC);FYFT S1-1300
00824;China (PRC);FYFT S1-1500
00825;China (PRC);FYFT S1-900
00826;China (PRC);FYFT S2-1100
00827;China (PRC);FYFT S2-1200
00828;China (PRC);FYFT S2-1300
00829;China (PRC);FYFT S2-1500
00830;China (PRC);FYFT S2-900
00831;China (PRC);FYFT S3-1100
00832;China (PRC);FYFT S3-1200
00833;China (PRC);FYFT S3-1300
00834;China (PRC);FYFT S3-1500
00835;China (PRC);FYFT S3-900
00836;China (PRC);FYFT S4-1100
00837;China (PRC);FYFT S4-1200
00838;China (PRC);FYFT S4-1300
00839;China (PRC);FYFT S4-1500
00840;China (PRC);FYFT S4-900
00841;China (PRC);FYFT S5-1100
00842;China (PRC);FYFT S5-1200
00843;China (PRC);FYFT S5-1300
00844;China (PRC);FYFT S5-1500
00845;China (PRC);FYFT S5-900
00846;China (PRC);FYFT S6-1200
00847;China (PRC);FYFT S6-1300
00848;China (PRC);FYFT S6-1400
00849;China (PRC);FYFT S6-1500
00850;China (PRC);FYFT S6-1600
00851;China (PRC);FYFT S7-1200
00852;China (PRC);FYFT S7-1300
00853;China (PRC);FYFT S7-1400
00854;China (PRC);FYFT S7-1500
00855;China (PRC);FYFT S7-1600
00856;China (PRC);FYFT SR1-1100
00857;China (PRC);FYFT SR1-1200
00858;China (PRC);FYFT SR1-1300
00859;China (PRC);FYFT SR1-1500
00860;China (PRC);FYFT SR1-900
00861;China (PRC);FYFT SR2-1100
00862;China (PRC);FYFT SR2-1200
00863;China (PRC);FYFT SR2-1300
00864;China (PRC);FYFT SR2-1500
00865;China (PRC);FYFT SR2-900
00866;China (PRC);FYFT SR3-1100
00867;China (PRC);FYFT SR3-1200
00868;China (PRC);FYFT SR3-1300
00869;China (PRC);FYFT SR3-1500
00870;China (PRC);FYFT SR3-900
00871;China (PRC);FYFT SR4-1100
00872;China (PRC);FYFT SR4-1200
00873;China (PRC);FYFT SR4-1300
00874;China (PRC);FYFT SR4-1500
00875;China (PRC);FYFT SR4-900
00876;China (PRC);FYFT SR5-1100
00877;China (PRC);FYFT SR5-1200
00878;China (PRC);FYFT SR5-1300
00879;China (PRC);FYFT SR5-1500
00880;China (PRC);FYFT SR5-900
00881;China (PRC);FYFT SR6-1100
00882;China (PRC);FYFT SR6-1200
00883;China (PRC);FYFT SR6-1300
00884;China (PRC);FYFT SR6-1500
00885;China (PRC);FYFT SR6-900
00886;China (PRC);FYFT SR7-1100
00887;China (PRC);FYFT SR7-1200
00888;China (PRC);FYFT SR7-1300
00889;China (PRC);FYFT SR7-1500
00890;China (PRC);FYFT SR7-900
00891;China (PRC);GAIC BZK-007
00892;China (PRC);GAIC Guizhou Central
00893;China (PRC);GAIC Harrier Hawk I
00894;China (PRC);GAIC Harrier Hawk II Air Sniper
00895;China (PRC);GAIC Harrier Hawk III
00896;China (PRC);GAIC Pigeon Hawk
00897;China (PRC);GAIC Sunshine
00898;China (PRC);GDUT Hexacopter
00899;China (PRC);GEAT jet-powered UAV
00900;China (PRC);GEAT propeller driven UAV
00901;China (PRC);Genius Hi-Tech Lookout III
00902;China (PRC);Genius Hi-Tech Pioneer I
00903;China (PRC);George Daubney
00904;China (PRC);Golden Way UV10
00905;China (PRC);GQMMS Unmanned helicopter
00906;China (PRC);Green Heaven 10 kg class unmanned helicopter
00907;China (PRC);Green Heaven 5 kg class unmanned helicopter
00908;China (PRC);Grey Whale Shark UAV
00909;China (PRC);Gsafety hexacopter
00910;China (PRC);Gsafety unmanned blimp
00911;China (PRC);Guangzhou University Tricopter
00912;China (PRC);Guangzhou University Unmanned helicopter
00913;China (PRC);GUAV7 Hexacopter controlled by mobile Network LTE 4G
00914;China (PRC);GUAV8 Octocopter controlled by mobile Network LTE 4G
00915;China (PRC);Guizhou Soar Dragon HALE UAV
00916;China (PRC);Guizhou WZ-2000
00917;China (PRC);GYBC HST-120 Fortification
00918;China (PRC);GYBC HST-Engineering Troop
00919;China (PRC);GYBC HST-Fire Shadow Overseer
00920;China (PRC);GYBC HST-Kangaroo
00921;China (PRC);GZRSI GY-E1
00922;China (PRC);GZRSI GY-X1
00923;China (PRC);GZRSI GY-Y1
00924;China (PRC);GZRSI GY-Y2
00925;China (PRC);GZTX Octocopter
00926;China (PRC);GZTX Octodecacopter
00927;China (PRC);HAIG Blue Fox
00928;China (PRC);HAIG Nightjar
00929;China (PRC);Hangyina Aerial Survey UAV
00930;China (PRC);Hangyina Biekasi
00931;China (PRC);Hangyina Navigation Star 4
00932;China (PRC);Hanhe Aviation CD-10
00933;China (PRC);Hanhe Aviation CD-15
00934;China (PRC);Hanhe Aviation EP-1
00935;China (PRC);Hanhe Aviation EP-2
00936;China (PRC);Hanhe Aviation Flying Shark I
00937;China (PRC);Hanhe Aviation Flying Shark II
00938;China (PRC);Hanhe Aviation Kingfisher
00939;China (PRC);Harbin BZK-005
00940;China (PRC);Hawk-Hel Agricultural Eagle 1000
00941;China (PRC);Hawk-Hel Agricultural Eagle 1000A
00942;China (PRC);Hawk-Hel Agricultural Eagle 1000B
00943;China (PRC);Hawk-Hel Agricultural Eagle 2000A
00944;China (PRC);Hawk-Hel Agricultural Eagle 2000B
00945;China (PRC);Hawk-Hel Agricultural Eagle 3500
00946;China (PRC);Hawk-Hel Agricultural Eagle 4D1000
00947;China (PRC);Hawk-Hel Agricultural Eagle 4D20P
00948;China (PRC);Hawk-Hel Agricultural Eagle 4DE1000
00949;China (PRC);Hawk-Hel Agricultural Eagle 4DE1000B
00950;China (PRC);Hawk-Hel Agricultural Eagle 500
00951;China (PRC);Hawk-Hel Agricultural Eagle 500A
00952;China (PRC);Hawk-Hel Agricultural Eagle 500B
00953;China (PRC);Hawk-Hel Agricultural Eagle 8DE2000
00954;China (PRC);Hawk-Hel Agricultural Eagle 8DE2000B
00955;China (PRC);HBWAT Seesaw
00956;China (PRC);HEBUST Forestry UAV
00957;China (PRC);HET Hawk Eye I
00958;China (PRC);HET Hawk Eye II
00959;China (PRC);HET Hawk Eye III
00960;China (PRC);HEU Rocket-launched UAV
00961;China (PRC);HEU Twin engine UAV
00962;China (PRC);Hewei Group LT-800
00963;China (PRC);Hexiang FH-100
00964;China (PRC);Hexiang HFT-40A
00965;China (PRC);Hexiang HFT-60A
00966;China (PRC);Hexiang HX-1
00967;China (PRC);Hexiang HX-2
00968;China (PRC);Hexiang HX-3
00969;China (PRC);Hexiang WD-100
00970;China (PRC);Hexiang WD-200
00971;China (PRC);Hi Target iFly U20
00972;China (PRC);HLKX Clairvoyance 1
00973;China (PRC);HLKX Clairvoyance 2
00974;China (PRC);HLKX Dragon Bee I
00975;China (PRC);HLKX Dragon Goose
00976;China (PRC);HLKX Dragon Swallow II
00977;China (PRC);HLKX Hawk Eye 1
00978;China (PRC);HLKX Hawk Eye 2
00979;China (PRC);HLKX Hawk Eye Leger
00980;China (PRC);HLKX Hawk Eye Pro
00981;China (PRC);HLKX Simulation Training Drone
00982;China (PRC);HLKX Sky Eye 1
00983;China (PRC);HLKX Super Anotogaster sieboldii
00984;China (PRC);HLKX Thousand Mile Hawk 1
00985;China (PRC);HLKX Transporter
00986;China (PRC);HT PS UAV
00987;China (PRC);HTEC Quadcopter
00988;China (PRC);HTEC-AD
00989;China (PRC);HTEC-AF
00990;China (PRC);HTEC-AS
00991;China (PRC);HTEC-HE
00992;China (PRC);HTEC-HH
00993;China (PRC);HTEC-HM
00994;China (PRC);HTEC-TB110
00995;China (PRC);HTNA HY-B-10L
00996;China (PRC);HTNA HY-B-15L
00997;China (PRC);HTNA Quadrotor
00998;China (PRC);HTY MAV
00999;China (PRC);HTZC H-300
01000;China (PRC);HTZC W-200
01001;China (PRC);Huayun HY-P3000
01002;China (PRC);Idea-Fly Apollo
01003;China (PRC);Idea-Fly IFly-4
01004;China (PRC);Idea-Fly IFly-4S
01005;China (PRC);IDEAS Twin engine UAV
01006;China (PRC);Iflyer Big White 2
01007;China (PRC);Iflyer Big White 3
01008;China (PRC);Iflyer Flying Wing
01009;China (PRC);Iflyer Hunter
01010;China (PRC);ImageInfo Sky-01A
01011;China (PRC);ImageInfo Sky-01C
01012;China (PRC);ImageInfo Sky-02
01013;China (PRC);ImageInfo XT-01X
01014;China (PRC);IMUST Modular Multifunction UAV
01015;China (PRC);IPT FMS-280 Clairvoyance
01016;China (PRC);JCGW G15S Lüliang II
01017;China (PRC);JCGW JC-H30 Yongning II
01018;China (PRC);JCGW JC-H80 Yongning I
01019;China (PRC);JCGW Yongning III
01020;China (PRC);JFC JF-D10
01021;China (PRC);JFC JF-D8Z
01022;China (PRC);JFC JF-Y10
01023;China (PRC);Jincheng 1 UAV
01024;China (PRC);Jinhai FD-2000C
01025;China (PRC);Jinhai FD-6600
01026;China (PRC);Jinhai FD-900Z
01027;China (PRC);Jinhai FD-960
01028;China (PRC);JLTIET UAV
01029;China (PRC);Jovian UAV
01030;China (PRC);JS Model TZ-300NY
01031;China (PRC);JS Model TZ-300NY NOTAR
01032;China (PRC);JSSG Hexacopter
01033;China (PRC);JSSG Quadcopter
01034;China (PRC);JSYU UV-I
01035;China (PRC);JSYU UV-II
01036;China (PRC);JXMSRI UAV
01037;China (PRC);KBS PS Hexacopter
01038;China (PRC);KBS PS Quadcopter
01039;China (PRC);Keyuan AD200W Blue Eagle
01040;China (PRC);Keyuan Type I
01041;China (PRC);Keyuan Type II
01042;China (PRC);Kingtec CH001
01043;China (PRC);Kingtec DZ001
01044;China (PRC);Kingtec DZ002
01045;China (PRC);Kingtec GZ001
01046;China (PRC);Kingtec JTT-40
01047;China (PRC);Kingtec JTT-60
01048;China (PRC);KY-W2
01049;China (PRC);LGAA LN60F Thunderbird
01050;China (PRC);LGAA Shen Eagle 1
01051;China (PRC);Lijian
01052;China (PRC);Linkall HK Drone
01053;China (PRC);Linkall Smart Bee
01054;China (PRC);Lizu LF Drone
01055;China (PRC);Lizu LF UAV
01056;China (PRC);Lizu LF Unmanned Blimp
01057;China (PRC);Lizu LF-1200
01058;China (PRC);LNINT fixed-wing UAV
01059;China (PRC);LNINT rotary-wing UAV
01060;China (PRC);Loncin XV-1
01061;China (PRC);Long Technology Triumph 1
01062;China (PRC);Long Technology Triumph 2
01063;China (PRC);Long Technology Triumph Goose 1
01064;China (PRC);Long Technology Triumph Sky Hawk 1
01065;China (PRC);Long Technology Triumph Sky Hawk 2
01066;China (PRC);Long Technology Triumph Transporter
01067;China (PRC);LSSA RY-1
01068;China (PRC);LSSA RY-20
01069;China (PRC);LSSA RY-4
01070;China (PRC);MCC WSGRI-1
01071;China (PRC);MCC WSGRI-2
01072;China (PRC);Meiya Pico Free Bird
01073;China (PRC);Meiya Pico Octocopter
01074;China (PRC);Meiya Pico Single Soldier 1
01075;China (PRC);Microfly UV20CAM/HS/VID
01076;China (PRC);Minghe Agricultural unmanned helicopter
01077;China (PRC);ML Aviation Fire Ant
01078;China (PRC);ML Aviation T01
01079;China (PRC);Morning Wind Octocopter
01080;China (PRC);MTA Octocopter
01081;China (PRC);Nanjing CK-1
01082;China (PRC);Nanjing CK-1M
01083;China (PRC);Nanning Huishi Flying wing
01084;China (PRC);Nanning Huishi Quadcopter
01085;China (PRC);NAV jet-powered stealth UAV
01086;China (PRC);NAV propeller driven stealth UAV
01087;China (PRC);NAV WF170 Tomahawk Simulation Drone
01088;China (PRC);NCHU Common Ringed Plover
01089;China (PRC);NCHU Drone
01090;China (PRC);NCHU Flourish UAV
01091;China (PRC);NCHU Flying Pack Horse
01092;China (PRC);NCHU G 20
01093;China (PRC);NCHU HQT-1 Black Dragonfly
01094;China (PRC);NCHU HT-180
01095;China (PRC);NCHU Long endurance fixed-wing UAV
01096;China (PRC);NCHU New Era
01097;China (PRC);NCHU Owlet Hawk
01098;China (PRC);NCHU Stroller 1
01099;China (PRC);NCHU Swan Goose 3
01100;China (PRC);NCHU Tilt Ducted Fan UAV
01101;China (PRC);NCHU Urban Goblin
01102;China (PRC);NCHU VTOL UAV
01103;China (PRC);NCHU Zhonghua UAV
01104;China (PRC);New Art Model 6.5 m class unmanned blimp
01105;China (PRC);New Art Model 7.2 m class unmanned blimp
01106;China (PRC);NFAT BY-100
01107;China (PRC);NFAT BY-50
01108;China (PRC);NFAT HY-160
01109;China (PRC);NFAT HY-90Z
01110;China (PRC);NFAT Sky-09
01111;China (PRC);NFAT Sky-19
01112;China (PRC);NFAT Sky-22
01113;China (PRC);NJUAV LY-Z100
01114;China (PRC);NJUAV LY-Z15
01115;China (PRC);NJUAV LY-Z200
01116;China (PRC);NJUAV LY-Z25
01117;China (PRC);NJUAV LY-Z270
01118;China (PRC);NJUAV LY-Z35
01119;China (PRC);NJUAV LY-Z45
01120;China (PRC);NJUAV LY-Z65
01121;China (PRC);NJUAV LY-ZY200
01122;China (PRC);Nobel Moral 1.5 m class UAV
01123;China (PRC);Nobel Moral 260 1st generation gasoline-powered UAV
01124;China (PRC);Nobel Moral 260 2nd generation gasoline-powered UAV
01125;China (PRC);Nobel Moral 260 3rd generation gasoline-powered UAV
01126;China (PRC);Nobel Moral 260 4th generation gasoline-powered UAV
01127;China (PRC);Nobel Moral 260 5th generation gasoline-powered UAV
01128;China (PRC);Nobel Moral 260 6th generation gasoline-powered UAV
01129;China (PRC);Nobel Moral 260 agricultural UAV
01130;China (PRC);Nobel Moral 260 broadcasting UAV
01131;China (PRC);Nobel Moral 260 coaxial UAV
01132;China (PRC);Nobel Moral 260 converted gasoline-powered UAV
01133;China (PRC);Nobel Moral 260 maritime rescue UAV
01134;China (PRC);Nobel Moral 260 police UAV
01135;China (PRC);Nobel Moral 260 power line inspection UAV
01136;China (PRC);Nobel Moral 260 sampling UAV
01137;China (PRC);Nobel Moral 260 survey UAV
01138;China (PRC);Nobel Moral 260 UAV with modified swashplate
01139;China (PRC);Nobel Moral 30 class RPV
01140;China (PRC);Nobel Moral 30 class survey UAV
01141;China (PRC);Nobel Moral 450 class UAV
01142;China (PRC);Nobel Moral 50 class survey UAV
01143;China (PRC);Nobel Moral AH-64 Apache drone
01144;China (PRC);Nobel Moral Aileron less UAV
01145;China (PRC);Nobel Moral Bell Helicopter drone
01146;China (PRC);Nobel Moral communication relay UAV
01147;China (PRC);Nobel Moral EOD UAV
01148;China (PRC);Nobel Moral Firefighting UAV
01149;China (PRC);Nobel Moral Harrier
01150;China (PRC);Nobel Moral Ka-50 drone
01151;China (PRC);Nobel Moral Plateau Heroic Eagle
01152;China (PRC);Nobel Moral Power line inspection UAV
01153;China (PRC);Nobel Moral PSYOP UAV
01154;China (PRC);Nobel Moral SA 315B Lama drone
01155;China (PRC);Norinco China Eagle I
01156;China (PRC);Norinco China Eagle II
01157;China (PRC);Norinco China Eagle Outpost
01158;China (PRC);Norinco China Eagle Twin-Engine UAV
01159;China (PRC);Norinco China Eagle Unmanned Helicopter
01160;China (PRC);Norinco Harpy
01161;China (PRC);Norinco Micro unmanned helicopter
01162;China (PRC);Norinco MRHS UAV
01163;China (PRC);Norinco Quadcopter
01164;China (PRC);Norinco Sharp Eye III
01165;China (PRC);Norinco Sky Sake (Rui Ying)
01166;China (PRC);Norinco ZBKJ-01
01167;China (PRC);NRIAM Unmanned helicopter
01168;China (PRC);NRIST B-9H
01169;China (PRC);NRIST BJ8607
01170;China (PRC);NRIST I-2
01171;China (PRC);NRIST I-50
01172;China (PRC);NRIST II-150
01173;China (PRC);NRIST II-250
01174;China (PRC);NRIST JM-1
01175;China (PRC);NRIST S-100
01176;China (PRC);NRIST S-100L
01177;China (PRC);NRIST S-100W
01178;China (PRC);NRIST S-200
01179;China (PRC);NRIST S-200J
01180;China (PRC);NRIST S-200W
01181;China (PRC);NRIST S-300
01182;China (PRC);NRIST S-300 speed version
01183;China (PRC);NRIST S-400
01184;China (PRC);NRIST S-45
01185;China (PRC);NRIST S-70
01186;China (PRC);NRIST S-70G
01187;China (PRC);NRIST S-80
01188;China (PRC);NRIST S-80H
01189;China (PRC);NRIST S-90
01190;China (PRC);NRIST Sky Arrow 1
01191;China (PRC);NRIST Sky Roc
01192;China (PRC);NRIST Type H
01193;China (PRC);NRIST W-2000
01194;China (PRC);NRIST W-2000Y
01195;China (PRC);NRIST W-50
01196;China (PRC);NRIST W-60
01197;China (PRC);NRIST WD-50
01198;China (PRC);NRIST WG-20
01199;China (PRC);NRIST WZ-3
01200;China (PRC);NRIST WZ-5
01201;China (PRC);NRIST WZ-6B
01202;China (PRC);NRIST YK-7
01203;China (PRC);NRIST Z-1
01204;China (PRC);NRIST Z-2
01205;China (PRC);NTVU Fixed-wing UAV
01206;China (PRC);NTVU Hexacopter
01207;China (PRC);NTVU Octocopter
01208;China (PRC);NTVU Quadcopter
01209;China (PRC);NUAA Administer Goblin
01210;China (PRC);NUAA Administer Shadow
01211;China (PRC);NUAA Autumn Leaf Ambassador
01212;China (PRC);NUAA Black Vulture
01213;China (PRC);NUAA BZK-001
01214;China (PRC);NUAA BZK-002
01215;China (PRC);NUAA BZK-003
01216;China (PRC);NUAA Cloud Flute
01217;China (PRC);NUAA Cloud Leopard
01218;China (PRC);NUAA Cloud Swallow
01219;China (PRC);NUAA Dream Morpher
01220;China (PRC);NUAA Ducted fan miniature UAV
01221;China (PRC);NUAA Fan wing UAV
01222;China (PRC);NUAA FY-E
01223;China (PRC);NUAA Golden Hawk
01224;China (PRC);NUAA Gull
01225;China (PRC);NUAA Hand held miniature UAV
01226;China (PRC);NUAA Kingfisher
01227;China (PRC);NUAA Kingfisher-07
01228;China (PRC);NUAA LE 110
01229;China (PRC);NUAA Loner
01230;China (PRC);NUAA Long Arrow
01231;China (PRC);NUAA Mirage Saucer
01232;China (PRC);NUAA Mirage Wing
01233;China (PRC);NUAA Nanhang
01234;China (PRC);NUAA Nimble Owl
01235;China (PRC);NUAA Osprey
01236;China (PRC);NUAA Prowler
01237;China (PRC);NUAA Purple Lighting
01238;China (PRC);NUAA RKL 165
01239;China (PRC);NUAA Silver Wing 3
01240;China (PRC);NUAA Sky Hawk
01241;China (PRC);NUAA Skylark-01
01242;China (PRC);NUAA Soar Sky II
01243;China (PRC);NUAA Swan Swallow 3
01244;China (PRC);NUAA tiltrotor
01245;China (PRC);NUAA Unmanned flying Wing
01246;China (PRC);NUAA Wind Cloud
01247;China (PRC);NUAA WZ-1 Soar Bird
01248;China (PRC);NUAA X-Aircraft
01249;China (PRC);NUDT Queen Bee 1
01250;China (PRC);NUDT Queen Bee 100
01251;China (PRC);NUDT Queen Bee 8
01252;China (PRC);NUDT Sentry
01253;China (PRC);NUST Flying Lion
01254;China (PRC);NUST Flying Suction Robot
01255;China (PRC);NUST Sharp Sword
01256;China (PRC);NUST Starfish 5
01257;China (PRC);NWPU Aerial droid
01258;China (PRC);NWPU BJ6903
01259;China (PRC);NWPU Carrier Pigeon
01260;China (PRC);NWPU Fire Wheel
01261;China (PRC);NWPU Flatfish
01262;China (PRC);NWPU Gobin
01263;China (PRC);NWPU Hercules
01264;China (PRC);NWPU Improved Type B-1 (Type 01)
01265;China (PRC);NWPU Isometric Helix Lifter
01266;China (PRC);NWPU Lift-fan UAV
01267;China (PRC);NWPU MFW
01268;China (PRC);NWPU Nimble Dragon
01269;China (PRC);NWPU Type B-1 (Type 01)
01270;China (PRC);NWPU UAV with forward-swept wing
01271;China (PRC);NWPU UAV with inflatable wing
01272;China (PRC);NWPU Willpower
01273;China (PRC);OAST Tiger Shark 2011
01274;China (PRC);Oriental Titan Agile I
01275;China (PRC);Oriental Titan Agile II
01276;China (PRC);Oriental Titan Petrel
01277;China (PRC);Oriental Titan Titan I
01278;China (PRC);Oriental Titan Titan II
01279;China (PRC);Oriental Titan Titan III
01280;China (PRC);Oxai B4
01281;China (PRC);Oxai Forward Leap
01282;China (PRC);PAPEI Sky Eye 2
01283;China (PRC);Peeper UAV
01284;China (PRC);PLA AFEU Fixed-wing MAV
01285;China (PRC);PLA AFEU Stroller
01286;China (PRC);PLAGAD Type B UAV
01287;China (PRC);PLAGSD FK-B125
01288;China (PRC);PLAGSD FK-B-200
01289;China (PRC);PLAGSD FK-B75
01290;China (PRC);PLAGSD FK-Z80
01291;China (PRC);PLAGSD MJU-1
01292;China (PRC);PowerVision PowerCopter
01293;China (PRC);PowerVision PowerOcta
01294;China (PRC);PowerVision PowerQuad
01295;China (PRC);PowerVision PowerSeeker
01296;China (PRC);Pterodactyl (Wing Loong) attack UCAV[6]
01297;China (PRC);Pterodactyl (Wing Loong) II attack UCAV
01298;China (PRC);PUT PLT01
01299;China (PRC);PUT PLT02
01300;China (PRC);PUT PLT03
01301;China (PRC);PUT PLT04
01302;China (PRC);PUT PLT05
01303;China (PRC);PUT PLT06
01304;China (PRC);Quanfeng 3WQF294-40 Blue Shark
01305;China (PRC);Quanfeng 3WQF80-10
01306;China (PRC);Quanfeng Blue Shark 120
01307;China (PRC);Quanfeng QF-260-1
01308;China (PRC);Quanfeng QF-260-2
01309;China (PRC);Quanfeng QF-260-3
01310;China (PRC);Quanfeng QF26-1
01311;China (PRC);Quanfeng QF80-1
01312;China (PRC);Quanhua Albatross
01313;China (PRC);Quanhua Double-Headed Eagle
01314;China (PRC);Quanhua FG20TM0 Mobula
01315;China (PRC);Quanhua FG210TM0 Griffin
01316;China (PRC);Quanhua FG55TM0
01317;China (PRC);Quanhua HG26TM0 Silver Dragon
01318;China (PRC);Quanhua HG400TM0 Thunderbird
01319;China (PRC);Quanhua JXN-20-A Auspicious Bird
01320;China (PRC);Quanhua JXN-20-B Auspicious Bird
01321;China (PRC);Quanhua Silver Eagle
01322;China (PRC);Quanhua Silver HG80TM0 Dragon 2
01323;China (PRC);RADI IRSA I
01324;China (PRC);RADI IRSA II
01325;China (PRC);RADI IRSA III
01326;China (PRC);RADI IRSA IV
01327;China (PRC);RADI NCG-2
01328;China (PRC);RADI NCG-3
01329;China (PRC);RADI Quick Eye I
01330;China (PRC);RADI Quick Eye II
01331;China (PRC);RADI Quick Eye III
01332;China (PRC);RADI Quick Eye IV
01333;China (PRC);RADI RiverMap AF1000
01334;China (PRC);RADI RiverMap AF2000
01335;China (PRC);RADI RiverMap Dragonfly I
01336;China (PRC);RADI RiverMap Single Soldier I
01337;China (PRC);RADI RiverMap Sky Eye 2000
01338;China (PRC);RADI RSCH-1 Cute Fox
01339;China (PRC);RADI Star
01340;China (PRC);RADI Winder
01341;China (PRC);RHKJ RH4A 1700
01342;China (PRC);RHKJ RHA 1156
01343;China (PRC);RHKJ RHA 1660
01344;China (PRC);RHKJ RHH 1312
01345;China (PRC);RHKJ RHH 1480
01346;China (PRC);RHKJ RLX-1
01347;China (PRC);Ritu Twin engine UAV
01348;China (PRC);Ruiyueqin 503-260E
01349;China (PRC);Ruiyueqin 503-260G
01350;China (PRC);Ruiyueqin 503-520G
01351;China (PRC);Ruiyueqin 503-800G
01352;China (PRC);Ruiyueqin 503G
01353;China (PRC);Ruiyueqin 505-420E6
01354;China (PRC);Ruiyueqin 505-420E8
01355;China (PRC);Ruiyueqin 505E Hexacopter
01356;China (PRC);Ruiyueqin 505E Octocopter
01357;China (PRC);Ruiyueqin 507-230E
01358;China (PRC);Ruiyueqin 507E
01359;China (PRC);Ruiyueqin 507G
01360;China (PRC);SAC HFT-200A Thunderbird
01361;China (PRC);SAC Soar Goose
01362;China (PRC);SCAC FLT-1100
01363;China (PRC);SCUT UAV
01364;China (PRC);SDAS Octocopter
01365;China (PRC);SDi-FW
01366;China (PRC);SDi-HC
01367;China (PRC);SDKJ UAV
01368;China (PRC);SEU Traffic UAV
01369;China (PRC);SF Express Octocopter
01370;China (PRC);SFHK Unmanned helicopter
01371;China (PRC);SGCC GSEP Hexacopter
01372;China (PRC);SGCC HuBEP Hexacopter
01373;China (PRC);SGCC HuBEP Octocopter
01374;China (PRC);SGCC JBEP Fixed-wing UAV
01375;China (PRC);SGCC JBEP Hexacopter
01376;China (PRC);SGCC Laborer 1
01377;China (PRC);SGCC Laborer 2
01378;China (PRC);SGCC SDEP Fixed-wing UAV
01379;China (PRC);SGCC SDEP Parasol-wing UAV
01380;China (PRC);SGCC ZD-II
01381;China (PRC);SGCC ZN-1
01382;China (PRC);SGCC ZN-2
01383;China (PRC);Sheng Shi D-1
01384;China (PRC);Sheng Shi Flying Saucer
01385;China (PRC);Sheng Shi Hover
01386;China (PRC);Sheng Shi Jellyfish
01387;China (PRC);Shenyang BA-5
01388;China (PRC);Shenyu UAV
01389;China (PRC);SIASUN UAV
01390;China (PRC);SII Quadcopter
01391;China (PRC);Simunion Multirotor
01392;China (PRC);SJTU Administer Goblin
01393;China (PRC);SJTU Hand-Held UAV
01394;China (PRC);SJTU Multirotor
01395;China (PRC);SKST SHK-200-15
01396;China (PRC);SKST SHK-260-15
01397;China (PRC);SKST SHK-300-20
01398;China (PRC);SKST SHKDW-260
01399;China (PRC);SKST SHKW-300
01400;China (PRC);SKST SK-200
01401;China (PRC);SKST SK-300
01402;China (PRC);SKST SK-900
01403;China (PRC);SKST SKW-200
01404;China (PRC);Sky It Sky Eye Great Roc
01405;China (PRC);Sky It Sky Eye Green Bird
01406;China (PRC);Sky Way TL200
01407;China (PRC);Skyview 26 cc UAV
01408;China (PRC);Skyview Electrically Powered UAV
01409;China (PRC);Skyview Fixed-wing UAV
01410;China (PRC);Skyview Gasoline Powered UAV
01411;China (PRC);Skyview Multirotor UAV
01412;China (PRC);Skyview Patrol UAV
01413;China (PRC);Skyview Riot Control UAV
01414;China (PRC);SLA custom-built unmanned helicopter
01415;China (PRC);SLA-260
01416;China (PRC);SLA-260E
01417;China (PRC);SLA-260G
01418;China (PRC);SLA-260H
01419;China (PRC);SLA-4600
01420;China (PRC);SLA-4800
01421;China (PRC);SLA-500
01422;China (PRC);SLA-520
01423;China (PRC);SLA-520G
01424;China (PRC);SLA-520H
01425;China (PRC);SLA-520Hp
01426;China (PRC);SLA-580
01427;China (PRC);SLA-6100
01428;China (PRC);SLA-Falcon
01429;China (PRC);SLA-Falcon 111
01430;China (PRC);SLA-Falcon 112H
01431;China (PRC);SLA-Falcon 170
01432;China (PRC);SOA SE-1
01433;China (PRC);SOA TJ-1
01434;China (PRC);Spaceware Sky Vision II 1600
01435;China (PRC);Spaceware Sky Vision II 2700
01436;China (PRC);Spaceware Sky Vision II 3600
01437;China (PRC);Spaceware Sky Vision II 4700
01438;China (PRC);Spaceware Sky Vision II 7200
01439;China (PRC);Sparkie Tech 3-meter class electrically powered UAVs
01440;China (PRC);Sparkie Tech 3M-Ranger
01441;China (PRC);Sparkie Tech 4-meter class electrically powered UAVs
01442;China (PRC);Sparkie Tech 6-meter class gasoline-powered UAV
01443;China (PRC);Sparkie Tech Ranger-X
01444;China (PRC);SS Model 260 unmanned helicopter
01445;China (PRC);Sunward Flying Eagle
01446;China (PRC);Sunward SUF-30 Flying Goose
01447;China (PRC);Sunward SVU-200 Flying Tiger
01448;China (PRC);SUST Unmanned Blimp
01449;China (PRC);SWGA TY-C20
01450;China (PRC);SWGA TY-D8
01451;China (PRC);SWGA Unmanned agricultural helicopter
01452;China (PRC);SYAC Divine Eagle
01453;China (PRC);SYAC Spider-Man ZZX
01454;China (PRC);SYAC XLB Patroller
01455;China (PRC);SYIA Extensive Soar 3
01456;China (PRC);SYIA Reconnaissance UAV
01457;China (PRC);SYIA ServoHeli-120
01458;China (PRC);SYIA ServoHeli-260
01459;China (PRC);SYIA ServoHeli-40
01460;China (PRC);SYIA ServoHeli-520
01461;China (PRC);SYSE Falcon-9
01462;China (PRC);Taihua Fixed-wing UAV
01463;China (PRC);Taihua Hexacopter
01464;China (PRC);Taihua Octocopter
01465;China (PRC);Taihua Quadcopter
01466;China (PRC);Taihua Unmanned helicopter
01467;China (PRC);Tectang PAMS
01468;China (PRC);Tectang TC-1210 Telicopter 10 (Intelligent Eagle III)
01469;China (PRC);Tectang TC-1235 Telicopter 35 (Intelligent Eagle II)
01470;China (PRC);Tectang TC-2130 Telicopter TT (Intelligent Eagle I)
01471;China (PRC);THPB Tongfei 1
01472;China (PRC);THPB Tongfei 2
01473;China (PRC);THPB Tongfei 3
01474;China (PRC);THX MAV
01475;China (PRC);THX THX-01
01476;China (PRC);THX THX-02
01477;China (PRC);THX TXD-05
01478;China (PRC);THX TXD-05B
01479;China (PRC);THX TXD-07
01480;China (PRC);THX Type 01
01481;China (PRC);THX Type 02
01482;China (PRC);THX Vehicle launched UAV
01483;China (PRC);THZY Fixed-wing UAV
01484;China (PRC);THZY Tianyuan TH-1040s
01485;China (PRC);THZY Tianyuan TH-1240s
01486;China (PRC);THZY Tianyuan TH-730s
01487;China (PRC);THZY Tianyuan TH-805s
01488;China (PRC);THZY Unmanned helicopter
01489;China (PRC);Tiancai 10.5-m class unmanned blimp
01490;China (PRC);Tiancai 10-m class unmanned blimp
01491;China (PRC);Tiancai 11-m class unmanned blimp
01492;China (PRC);Tiancai 7.2-m class unmanned blimp
01493;China (PRC);Tiancai 7-m class unmanned blimp
01494;China (PRC);Tiancai 9.8-m class unmanned blimp
01495;China (PRC);Tiancai 9-m class unmanned blimp
01496;China (PRC);Tianxiang Mutlirotor
01497;China (PRC);Tianxiang TX Blimp
01498;China (PRC);Tianxiang TX-10000
01499;China (PRC);Tianxiang TX-20
01500;China (PRC);Tianxiang TX-2000 Clairvoyance
01501;China (PRC);Tianxiang TX-20000
01502;China (PRC);Tianxiang TX-300
01503;China (PRC);Tianxiang TX-3000
01504;China (PRC);Tianxiang Unmanned Paraglider
01505;China (PRC);TiANY Hexacopter
01506;China (PRC);TiANY Quadcopter
01507;China (PRC);TiANY TY-X8
01508;China (PRC);Tianyi Flying Fox 1
01509;China (PRC);Tianyi Training UAV Flying Sky
01510;China (PRC);Tianyi TY-DB3
01511;China (PRC);Tianyi TY-HC30
01512;China (PRC);Tianyi TY-HC40 Sky Eye
01513;China (PRC);Tianyi TY-HC75
01514;China (PRC);Tianyi TY-Z10
01515;China (PRC);TJU 120 kg class UAV
01516;China (PRC);TJU 260 coaxial UAV
01517;China (PRC);TJU 260 electrically powered UAV
01518;China (PRC);TJU 260 gasonsline powered UAV
01519;China (PRC);TJU 350 kg class UAV
01520;China (PRC);TJU 40 kg class turboshaft powered UAV
01521;China (PRC);TJU Dolphin
01522;China (PRC);Tlair TL-1
01523;China (PRC);Tlair TL-2
01524;China (PRC);Toaero T100
01525;China (PRC);Toaero T300
01526;China (PRC);Toaero T50
01527;China (PRC);Toaero X6
01528;China (PRC);Tongji University Foamcore UAV
01529;China (PRC);Tongji University MAV
01530;China (PRC);Tongji University Pterosaur
01531;China (PRC);Top Soaring TY-5
01532;China (PRC);Top Soaring ZT-12A
01533;China (PRC);Top Soaring ZT-6
01534;China (PRC);Top Soaring ZT-6A
01535;China (PRC);Trifeet Swan 01
01536;China (PRC);Trifeet Swan 02
01537;China (PRC);Trifeet Swan 04
01538;China (PRC);Trifeet Swan 05
01539;China (PRC);Tsinghua Throne
01540;China (PRC);TTA EH-1
01541;China (PRC);TTA EH-3
01542;China (PRC);TTA FH-1
01543;China (PRC);TTA M18
01544;China (PRC);TTA M4
01545;China (PRC);TTA M6
01546;China (PRC);TTA M8
01547;China (PRC);TTA RH-1
01548;China (PRC);TTA SH-1
01549;China (PRC);TTA SP-01
01550;China (PRC);TTA SP-02
01551;China (PRC);TTA VH-1
01552;China (PRC);TTA VH-2
01553;China (PRC);TTA XH-1
01554;China (PRC);TXC16-10
01555;China (PRC);TXC8-3
01556;China (PRC);TXC8-5
01557;China (PRC);TYHI Unmanned helicopter
01558;China (PRC);TZY-920
01559;China (PRC);TZY-920I
01560;China (PRC);TZY-950
01561;China (PRC);TZY-980
01562;China (PRC);TZY-980F
01563;China (PRC);TZY-980I
01564;China (PRC);TZY-980II
01565;China (PRC);TZY-Aerial rescue robot
01566;China (PRC);TZY-F25B
01567;China (PRC);TZY-GD01
01568;China (PRC);TZY-I
01569;China (PRC);TZY-S
01570;China (PRC);TZY-X
01571;China (PRC);UAV Delta-wing UAV
01572;China (PRC);UAV Sci-Tech MAV
01573;China (PRC);UAV Sci-Tech SX
01574;China (PRC);UAV Sci-Tech Telemetry I
01575;China (PRC);UAV Sci-Tech Telemetry II
01576;China (PRC);UAV Sci-Tech Telemetry III
01577;China (PRC);UAV Sci-Tech Telemetry IV
01578;China (PRC);UAV Sci-Tech XT
01579;China (PRC);Up-Tech Snow goose
01580;China (PRC);Up-Tech twin-boom UAV
01581;China (PRC);UVSIS S100
01582;China (PRC);V750 UAV
01583;China (PRC);Vantage Airship CA-24R
01584;China (PRC);Vantage Airship CA-25R
01585;China (PRC);Vantage Airship CA-30R
01586;China (PRC);Vantage Airship CA-32R
01587;China (PRC);Vantage Airship CA-36R
01588;China (PRC);Vantage Airship CR-14R
01589;China (PRC);Vantage Airship CR-20R
01590;China (PRC);Vantage Airship CR-24R
01591;China (PRC);Vantage Airship CR-25R Zhiyuan 1
01592;China (PRC);Viga Tech Developer I
01593;China (PRC);Viga Tech Explorer I
01594;China (PRC);Viga Tech Golden Green I
01595;China (PRC);Viga Tech Golden Green II
01596;China (PRC);Viga Tech Observer III
01597;China (PRC);Viga Tech Soar Universe I
01598;China (PRC);Viga Tech Soar Universe II
01599;China (PRC);VolantexRC 757 FPV raptor
01600;China (PRC);VolantexRC 757-2 FPV raptor EX
01601;China (PRC);VolantexRC 757-3 Ranger EX
01602;China (PRC);VolantexRC 757-V2 FPV raptor upgrade
01603;China (PRC);VVP Soft VVP-9066
01604;China (PRC);Walkera E-eyes
01605;China (PRC);Walkera Hoten-X BNF
01606;China (PRC);Walkera Hoten-X Brushed
01607;China (PRC);Walkera Hoten-X FPV
01608;China (PRC);Walkera Hoten-X WiFi
01609;China (PRC);Walkera QR Ladybird V2 FPV
01610;China (PRC);Walkera QR W100
01611;China (PRC);Walkera QR W100S
01612;China (PRC);Walkera QR X350
01613;China (PRC);Walkera QR X400 BNF
01614;China (PRC);Walkera QR X400 FPV
01615;China (PRC);Wayulink Quadcopter
01616;China (PRC);Wayulink Unmanned helicopter
01617;China (PRC);WBZY BW-9
01618;China (PRC);WBZY BW-I
01619;China (PRC);WBZY BW-IA
01620;China (PRC);WBZY BW-II
01621;China (PRC);Weihai Police Bureau Hexacopter
01622;China (PRC);Weiyujie W-1 Sky Hawk
01623;China (PRC);WHUT Brilliant Quadrotor
01624;China (PRC);WHWASC Fixed-wing UAV
01625;China (PRC);WHWASC Unmanned blimp
01626;China (PRC);WHWASC Unmanned paraglider
01627;China (PRC);Winhye AT-3
01628;China (PRC);Winhye Hexacopter
01629;China (PRC);Winhye Type 1 UAV
01630;China (PRC);Winhye Type 2 UAV
01631;China (PRC);Winhye Type 3 UAV
01632;China (PRC);Winhye UCAV
01633;China (PRC);Winhye Unmanned Helicopter
01634;China (PRC);Wish WSZ-1805
01635;China (PRC);Wish WSZ-2410
01636;China (PRC);Wuhan University He1iBMaPPing
01637;China (PRC);WUST Survey UAV
01638;China (PRC);WXIT Hexacopter
01639;China (PRC);WXYZ Quadcopter
01640;China (PRC);WZ-2000, reconnaissance (2003)
01641;China (PRC);WZ-5 (1981)
01642;China (PRC);WZES Hexacopter
01643;China (PRC);XAG P Serise UAV
01644;China (PRC);XAG XMISSION
01645;China (PRC);Xaircraft X450 Pro
01646;China (PRC);Xaircraft X650 Pro
01647;China (PRC);Xaircraft X650V-4
01648;China (PRC);Xaircraft X650V-8
01649;China (PRC);Xaircraft Xcope
01650;China (PRC);XFNY Swallow I
01651;China (PRC);XFNY Swallow II
01652;China (PRC);Xiamtec Aero Senri X-050
01653;China (PRC);Xiamtec Aero Senri X-150
01654;China (PRC);Xiamtec Aero Senri X-250
01655;China (PRC);Xiamtec Aero Trenz
01656;China (PRC);Xianheng International LS-S1200
01657;China (PRC);Xianheng International LS-S1600
01658;China (PRC);Xianheng International LS-S2000
01659;China (PRC);Xianheng International Propitious Cloud
01660;China (PRC);Xianheng International XH-1
01661;China (PRC);Xianheng International XH-2
01662;China (PRC);Xianheng International XH-3
01663;China (PRC);Xianheng International XH-4
01664;China (PRC);Xianheng International XH-5
01665;China (PRC);Xianheng International XH-M1
01666;China (PRC);Xinying Auspicious Hawk II
01667;China (PRC);Xinying Clairvoyance I
01668;China (PRC);Xinying Clairvoyance II
01669;China (PRC);Xinying Clairvoyance III
01670;China (PRC);Xinying Clairvoyance V
01671;China (PRC);Xinying Cloud Walker II
01672;China (PRC);Xinying Cloud Walker III
01673;China (PRC);Xinying Contingency Responder II
01674;China (PRC);Xinying Contingency Responder V
01675;China (PRC);Xinying Quadcopter
01676;China (PRC);Xinying Sky Soar III
01677;China (PRC);Xinying Sky Wing I-E
01678;China (PRC);Xinying Sky Wing II-E
01679;China (PRC);Xinying Sky Wing III
01680;China (PRC);Xinying Sky Wing I-X18
01681;China (PRC);Xinying Sky Wing I-X6
01682;China (PRC);Xinying Sky Wing I-X8
01683;China (PRC);Xinying Sky Wing V
01684;China (PRC);Xinying Sky Wing VI-I
01685;China (PRC);Xinying Sky Wing V-II
01686;China (PRC);Xinying Sky Wing VI-II
01687;China (PRC);Xinying Surveyor I
01688;China (PRC);Xinying Surveyor II
01689;China (PRC);Xinying Surveyor III
01690;China (PRC);Xinying Surveyor V
01691;China (PRC);Xinying UAV with canards
01692;China (PRC);Xinying UAV with delta wing
01693;China (PRC);XMU Heron Island Reconnoiter
01694;China (PRC);XMU Hornet
01695;China (PRC);XMU Ocean surveillance UAV
01696;China (PRC);XMU Southern Strong
01697;China (PRC);XPCC Police UAV
01698;China (PRC);X-UAV Lotus
01699;China (PRC);X-UAV LZ1401
01700;China (PRC);X-UAV Mini Talon
01701;China (PRC);X-UAV One
01702;China (PRC);X-UAV Skua
01703;China (PRC);X-UAV Talon
01704;China (PRC);XY Aviation AS-12
01705;China (PRC);XY Aviation CH-50
01706;China (PRC);XY Aviation FS-26
01707;China (PRC);XY Aviation FT-10
01708;China (PRC);XY Aviation FT-25D
01709;China (PRC);XY Aviation H-150
01710;China (PRC);XY Aviation H-150L
01711;China (PRC);XY Aviation M-150
01712;China (PRC);XY Aviation TS-26
01713;China (PRC);XY Aviation UR-C2-008 Sky Eye
01714;China (PRC);XY Aviation UR-J1-001 Blue Arrow BA-270
01715;China (PRC);XYAST KGXY-180
01716;China (PRC);XYAST XYB-180
01717;China (PRC);XYAST XYD-65
01718;China (PRC);XYAST XYD-70
01719;China (PRC);Yangzhou University Osprey
01720;China (PRC);Yingli Solar-powered UAV
01721;China (PRC);Yintong Grand Marshal
01722;China (PRC);Yintong Vanguard 260
01723;China (PRC);Yintong YT-1
01724;China (PRC);Yintong YT-A10
01725;China (PRC);Yintong YT-A5
01726;China (PRC);Yintong YTF-DL-1
01727;China (PRC);Yintong YTF-JY-1
01728;China (PRC);Yintong YTF-XF-1
01729;China (PRC);Yintong YT-P5
01730;China (PRC);Yotaisc G3 Worker Bee
01731;China (PRC);Yotaisc M28 Honey Bee 28
01732;China (PRC);Yotaisc M29 Honey Bee 29
01733;China (PRC);Yotaisc X200
01734;China (PRC);Yotaisc X200S
01735;China (PRC);YTGT GT-300
01736;China (PRC);YTHS HS-12D
01737;China (PRC);YTHS HS-15Y
01738;China (PRC);YTHS HS-300
01739;China (PRC);YTHS HS-32H
01740;China (PRC);YTHS HS-32J
01741;China (PRC);YTHS HS-32Z
01742;China (PRC);Yuhui Blue Hawk
01743;China (PRC);Yuhui Frigatebird
01744;China (PRC);Yuhui Little Egret
01745;China (PRC);Yuhui Orange Colored Hawk
01746;China (PRC);Yuhui Swift 09
01747;China (PRC);Yuhui Swift III
01748;China (PRC);ZBZ-33 UAV
01749;China (PRC);Zero Tech E1100
01750;China (PRC);Zero Tech Eagle Eye
01751;China (PRC);Zero Tech E-EPIC
01752;China (PRC);Zero Tech Swift
01753;China (PRC);Zero Tech Swift 07
01754;China (PRC);Zero Tech Swift 08
01755;China (PRC);Zero Tech Zero 1200
01756;China (PRC);Zero Tech Zero 1600
01757;China (PRC);Zero Tech Zero 2300
01758;China (PRC);Zero Tech Zero 650
01759;China (PRC);Zero Tech Zero 660
01760;China (PRC);Zero Tech Zero 820
01761;China (PRC);Zero Tech Zero Steadi 470
01762;China (PRC);Z-Fly Multirotor unmanned helicopter
01763;China (PRC);Z-Fly Z-JK3
01764;China (PRC);Z-Fly110cc unmanned helicopter
01765;China (PRC);ZFWT Solar Eagle A1
01766;China (PRC);ZFWT Solar Eagle A2
01767;China (PRC);ZFWT Solar Eagle A3
01768;China (PRC);ZFWT Solar Eagle A4
01769;China (PRC);ZFWT Solar Eagle A5
01770;China (PRC);ZFWT Solar Eagle A6
01771;China (PRC);ZFWT Solar Eagle C1
01772;China (PRC);ZFWT Solar Eagle C2
01773;China (PRC);ZFWT Solar Eagle C3
01774;China (PRC);ZFWT Solar Eagle C4
01775;China (PRC);ZFWT Solar Eagle C5
01776;China (PRC);ZFWT Solar Eagle C6
01777;China (PRC);Zhejiang University Unmanned helicopter
01778;China (PRC);ZHYR 3WDM4-10
01779;China (PRC);ZHYR 3WDM4-15
01780;China (PRC);ZHYR 3WDM4-18
01781;China (PRC);ZHYR 3WDM4-6
01782;China (PRC);ZHYZ Tornado Leopard
01783;China (PRC);ZHZ TC
01784;China (PRC);ZHZ TD220
01785;China (PRC);ZIA UAV
01786;China (PRC);ZJ-100 UAV
01787;China (PRC);Zunde hexacopter
01788;China (PRC);Zunde octocopter
01789;China (PRC);Zunde unmanned helicopter
01790;China (PRC);Zunde ZD-100
01791;China (PRC);Zunde ZD-250
01792;China (PRC);Zunde ZD-400
01793;China (PRC);ZWYX YX-1
01794;China (PRC);ZWYX YX-2
01795;China (PRC);ZWYX YX-3
01796;China (PRC);ZYAT ZY
01797;Colombia;Araknos V2
01798;Colombia;Buteos LTE
01799;Colombia;Iris
01800;Colombia;Koleopteros
01801;Colombia;Navigator X2
01802;Costa Rica;SA-SkyHunter
01803;Croatia;BL M-99 Bojnik
01804;Czech Republic;HAES 400
01805;Czech Republic;HAES 700
01806;Czech Republic;HAES 90
01807;Czech Republic;HAES Scanner
01808;Czech Republic;Primoco UAV
01809;Czech Republic;Sojka III
01810;Czech Republic;Xyris 6
01811;Estonia;ELIX XL
01812;Estonia;Threod EOS 
01813;Estonia;Threod KX-4 Interceptor
01814;Estonia;Threod KX-4 LE Titan
01815;Estonia;Threod Stream C
01816;Finland;AVARTEK AT-04
01817;Finland;MASS
01818;France;Aeroart Aelius
01819;France;Aérospatiale C.22
01820;France;Altec MART
01821;France;ARSAERO CT 10
01822;France;CAC Fox
01823;France;CAC K100
01824;France;CAC Systèmes Héliot
01825;France;Dassault AVE-C Moyen Duc
01826;France;Dassault AVE-D Petit Duc
01827;France;Dassault LOGIDUC
01828;France;Dassault nEUROn
01829;France;Dassault-Sagem SlowFast
01830;France;Donecle
01831;France;Donecle drone
01832;France;EADS Harfang
01833;France;EADS Talarion
01834;France;Flying-Robots FR102
01835;France;Lehmann Aviation L-A series
01836;France;Lehmann Aviation L-M series
01837;France;Nord CT.10
01838;France;Nord CT.20
01839;France;Nord CT.22
01840;France;Nord CT.41
01841;France;Parrot AR.Drone
01842;France;Roy Aerial torpedo
01843;France;SAGEM Crecerelle
01844;France;SAGEM Patroller
01845;France;SAGEM Sperwer
01846;France;Techno-Sud Vigilant
01847;France;Verhagen X2
01848;Germany;Aibotix Aibot X6
01849;Germany;AiDrones AiD-H14
01850;Germany;AiDrones AiD-H25
01851;Germany;AiDrones AiD-H40
01852;Germany;Arado Ar E.377 und Ar E.377A
01853;Germany;Argus As 292
01854;Germany;Argus Fernfeuer
01855;Germany;AscTec Falcon 8
01856;Germany;AscTec Firefly
01857;Germany;AscTec Hummingbird
01858;Germany;AscTec Pelican
01859;Germany;Birdpilot X-4 Multicopter
01860;Germany;Birdpilot X-8 Multicopter
01861;Germany;Blohm & Voss BV 143A und BV 143B
01862;Germany;Blohm & Voss BV 246
01863;Germany;Blohm & Voss BV 950 L10 und BV 950 L11
01864;Germany;EADS Barracuda
01865;Germany;EMT Aladin
01866;Germany;EMT Fancopter
01867;Germany;EMT Luna
01868;Germany;EMT Luna NG
01869;Germany;EMT Museco
01870;Germany;EMT X-13 
01871;Germany;EuroHawk
01872;Germany;Fieseler Fi 157 anti-aircraft target drone (1937)
01873;Germany;Globe UAV7 LTE Hexacopter
01874;Germany;Globe UAV8 LTE Octocopter
01875;Germany;Henschel Hs 117
01876;Germany;Henschel Hs 293
01877;Germany;Henschel Hs 294
01878;Germany;Henschel Hs 295
01879;Germany;Henschel Hs 298
01880;Germany;Henschel Hs GT 1200
01881;Germany;Henschel Zitterrochen
01882;Germany;Hyfish
01883;Germany;Luftfahrt Forschungsanstalt Braunschweig Volkenrode LT 9.2
01884;Germany;Luna X 2000
01885;Germany;Messerschmitt Enzian E-4
01886;Germany;MIKADO
01887;Germany;MikroKopter and variants QuadroKopter
01888;Germany;OFFIS Guard reconnaissance and research
01889;Germany;Rheinmetall Carola P70
01890;Germany;Rheinmetall Carola T140
01891;Germany;Rheinmetall KZO
01892;Germany;Rheinmetall Taifun
01893;Germany;Ruhrstahl Kramer X-7
01894;Germany;Sagitta Research Demonstrator
01895;Germany;SIRIUS MAVinci
01896;Germany;V-1 flying bomb
01897;Germany;Vergeltungswaffen V-4
01898;Germany;Vergeltungswaffen V-7
01899;Greece;BSK Defense Erevos MALE
01900;Greece;BSK Defense Ideon
01901;Greece;BSK Defense Kyon
01902;Greece;BSK Defense Phaethon G
01903;Greece;BSK Defense Phaethon J
01904;Greece;EADS 3 Sigma Alkyon
01905;Greece;EADS 3 Sigma Iris
01906;Greece;EADS 3 Sigma Nearchos
01907;Greece;EADS 3 Sigma Perseas
01908;Greece;HAI Pegasus
01909;Greece;HAI Pegasus II
01910;Greece;HCUAV
01911;Hungary;Interspect UAS B 3.1 (Commercial - Photogrammetry platform)
01912;India;ADE Nishant
01913;India;Dhaksha
01914;India;DRDO Abhyas
01915;India;DRDO AURA
01916;India;DRDO Fluffy
01917;India;DRDO Imperial Eagle
01918;India;DRDO Kapothaka
01919;India;DRDO Lakshya
01920;India;DRDO Netra
01921;India;DRDO Nishant
01922;India;DRDO Rustom
01923;India;DRDO Ulka
01924;India;Gagan
01925;India;IAI-HAL NRUAV
01926;India;Maraal
01927;India;NAL / ADE Black Kite
01928;India;NAL / ADE Golden Hawk
01929;India;NAL / ADE Pushpak
01930;India;NAL Slybird
01931;India;Pawan UAV
01932;Indonesia;Ai450ER
01933;Indonesia;GTD
01934;Indonesia;Laron VTOL
01935;Indonesia;LSU-02
01936;Indonesia;LSU-03
01937;Indonesia;LSU-05
01938;Indonesia;LTD
01939;Indonesia;Malinau
01940;Indonesia;Mandau
01941;Indonesia;MOTODORO
01942;Indonesia;PUNA Sriti
01943;Indonesia;PUNA Wulung
01944;Indonesia;STD
01945;International;BGAC 
01946;International;Dassault nEUROn
01947;International;EADS Barracuda
01948;International;EADS IRIS
01949;International;EADS Sharc
01950;International;EADS Talarion
01951;International;IAI-HAL NRUAV
01952;International;Singular Aircraft SA03
01953;Iran;Ghods Saeghe
01954;Iran;Hemaseh
01955;Iran;HESA Ababil
01956;Iran;Hod Hod
01957;Iran;IAIO Fotros
01958;Iran;Karrar
01959;Iran;Nazir
01960;Iran;Pars robot
01961;Iran;Qods Mohajer
01962;Iran;Raad
01963;Iran;Sabokbal
01964;Iran;Saegheh
01965;Iran;Sarir
01966;Iran;Shahbal
01967;Iran;Shahed 121
01968;Iran;Shahed 123
01969;Iran;Shahed 129
01970;Iran;Shahed 191
01971;Iran;Shahed S-171 Simorgh
01972;Iran;Sofreh Mahi
01973;Iran;Talash
01974;Iran;Yasir UAV
01975;Iran;Zohal
01976;Israel;AAI RQ-2 Pioneer
01977;Israel;AAI RQ-7 Shadow
01978;Israel;Aeronautics Aerolight
01979;Israel;Aeronautics Aerostar
01980;Israel;Aeronautics Defense Dominator
01981;Israel;Aeronautics Defense Orbiter
01982;Israel;Aerostar
01983;Israel;Elbit Hermes 1500
01984;Israel;Elbit Hermes 180
01985;Israel;Elbit Hermes 450
01986;Israel;Elbit Hermes 90
01987;Israel;Elbit Hermes 900
01988;Israel;Elbit Skylark
01989;Israel;Elbit Skylark I
01990;Israel;EMIT Blue Horizon 2
01991;Israel;EMIT Butterfly
01992;Israel;EMIT Sparrow
01993;Israel;Gagan UAV
01994;Israel;IAI Bird-Eye
01995;Israel;IAI Eitan
01996;Israel;IAI General
01997;Israel;IAI Harop
01998;Israel;IAI Harpy
01999;Israel;IAI Heron
02000;Israel;IAI Hunter
02001;Israel;IAI I-View
02002;Israel;IAI Panther
02003;Israel;IAI Ranger
02004;Israel;IAI Scout
02005;Israel;IAI Searcher
02006;Israel;IAI Skylark
02007;Israel;IAI Super Heron
02008;Israel;Innocon Falcon Eye
02009;Israel;Innocon Mini Falcon II
02010;Israel;Innocon MiniFalcon I
02011;Israel;MicroFalcon
02012;Israel;Silver Arrow Micro-V
02013;Israel;Silver Arrow Sniper
02014;Israel;Tadiran Mastiff
02015;Israel;Top I Vision Aerostat
02016;Israel;Top I Vision Casper 250
02017;Israel;Urban Aeronautics AirMule
02018;Israel;Urban Aeronautics X-Hawk
02019;Italy;Leonardo FALCO
02020;Italy;Leonardo FALCO 48
02021;Italy;Leonardo FALCO EVO
02022;Italy;Leonardo FALCO XPLORER
02023;Italy;Leonardo HERO
02024;Italy;Leonardo ITV
02025;Italy;Leonardo Meteor P.1
02026;Italy;Leonardo Meteor P.2
02027;Italy;Leonardo Meteor P.70
02028;Italy;Leonardo Mirach 100/4
02029;Italy;Leonardo Mirach 100/5
02030;Italy;Leonardo Mirach 150
02031;Italy;Leonardo Mirach 26
02032;Italy;Leonardo Molynx/Black Lynx
02033;Italy;Leonardo NIBBIO
02034;Italy;Leonardo Sky-x
02035;Italy;Leonardo Sky-y
02036;Italy;Leonardo SOLO
02037;Italy;Nimbus EOS XI
02038;Italy;Piaggio P.1HH HammerHead
02039;Italy;Sky-X
02040;Italy;Sky-Y
02041;Japan;Fuji FFOS
02042;Japan;Fuji HK-2B
02043;Japan;Fuji J/AQM-1
02044;Japan;Fuji RPH-2
02045;Japan;Fuji TACOM
02046;Japan;JAXA S3TD
02047;Japan;JSDF B-4
02048;Japan;Kawasaki KAQ-1
02049;Japan;Kawasaki KAQ-5
02050;Japan;Kawasaki Ki-147 I-Go-1A
02051;Japan;Mitsubishi Ki-148 I-Go-1B
02052;Japan;Yamaha R-50
02053;Japan;Yamaha R-MAX
02054;Japan;Yokosuka Kugisho MXY7 Type 53
02055;Jordan;I-wing
02056;Jordan;Jordan Arrow
02057;Jordan;Jordan Falcon
02058;Jordan;Silent Eye
02059;Latvia;UAVFACTORY Penguin B
02060;Latvia;UAVFACTORY Penguin C
02061;Latvia;UAVFACTORY Varna
02062;Malaysia;Eagle ARV System
02063;Mexico;E1 Gavilán
02064;Mexico;El Beta-1A
02065;Mexico;QAE 108-100
02066;Mexico;QAE 108-200
02067;Mexico;QAE 108-300
02068;Mexico;S4 Ehécatl
02069;Netherlands;Altura Zenith ATX8
02070;Netherlands;Aviolanda AT-21
02071;Netherlands;Avy Aera
02072;Netherlands;Geocopter B.V.
02073;Netherlands;Higheye HE60
02074;Netherlands;Mine Kafon Drone
02075;Netherlands;Verhagen X2
02076;Netherlands;Vertical Technologies DeltaQuad VTOL
02077;New Zealand;Angelray
02078;New Zealand;Hawk GS-500
02079;New Zealand;KAHU-HAWK
02080;New Zealand;RQ-84 AreoHawk
02081;New Zealand;Valkyrie
02082;New Zealand;Valkyrie from X-craft Enterprises
02083;Nigeria;Amebo
02084;Nigeria;CASC Rainbow CH3
02085;Nigeria;Gulma
02086;Nigeria;Tsaigumi UAV
02087;North Korea;Sky-09P
02088;Norway;Aerobot Canard
02089;Norway;Black Hornet Nano
02090;Norway;Cruiser
02091;Norway;Cruiser 2
02092;Norway;Cryowing 1
02093;Norway;Cryowing Mk 2
02094;Norway;Hornet PD-100 PRS
02095;Norway;MATS C
02096;Norway;SkyRobot FX20
02097;Norway;SkyRobot FX450
02098;Norway;SkyRobot RX100
02099;Norway;SkyRobot RX50
02100;Pakistan;Ababeel
02101;Pakistan;Ababeel III
02102;Pakistan;Baaz UAV
02103;Pakistan;Border Eagle
02104;Pakistan;Explorer UAV
02105;Pakistan;Falco UAV
02106;Pakistan;Firefly UAV
02107;Pakistan;Flamingo UAV
02108;Pakistan;FST UAV
02109;Pakistan;GIDS Shahpar
02110;Pakistan;Hawk MK-V
02111;Pakistan;Hornet UAV
02112;Pakistan;HST UAV
02113;Pakistan;HUMA I
02114;Pakistan;Jasoos I
02115;Pakistan;Jasoos II
02116;Pakistan;Mukhbaar
02117;Pakistan;NESCOM Burraq
02118;Pakistan;Nishan MK-II and TJ-1000
02119;Pakistan;Rover UAV
02120;Pakistan;Shadow MK-II
02121;Pakistan;Shooting Star UAV
02122;Pakistan;Stingray UAV
02123;Pakistan;Tornado UAV
02124;Pakistan;Tunder SR and LR
02125;Pakistan;Uqab UAV
02126;Pakistan;Uqab-II
02127;Pakistan;Vector UAV
02128;Pakistan;Vision MK-I
02129;Pakistan;Vision MK-II
02130;Peru;CEDEP-1
02131;Peru;PEGAS
02132;Philippines;Knight Falcon
02133;Philippines;Raptor
02134;Philippines;TUAV
02135;Poland;Flytronic UAV FlyEye
02136;Poland;Flytronic UAV Tarkus
02137;Poland;HOB-bit
02138;Poland;ILX-27
02139;Poland;Pteryx UAV
02140;Poland;SKNL PRz PR-1 Szpion
02141;Poland;SKNL PRz PR-2 Gacek
02142;Poland;SKNL PRz PR-4
02143;Poland;SKNL PRz PR5 Wiewiór
02144;Poland;SKNL PRz PR5 Wiewiór plus
02145;Portugal;ANTEX-M
02146;Portugal;I-SKY M6
02147;Portugal;OctoCopter UX-801
02148;Portugal;PAIC Império SP1
02149;Portugal;QuadCopter UX-4001 Mini
02150;Portugal;QuadCopter UX-401
02151;Portugal;Tekever AR4
02152;Romania;Air Strato
02153;Romania;Argus S
02154;Romania;Argus XL
02155;Romania;ATT-01
02156;Romania;Hirrus
02157;Romania;IAR-T
02158;Romania;SACT Boreal 5
02159;Romania;Soim 1
02160;Romania;Soim 2
02161;Russia;Aerokon Inspector
02162;Russia;AeroRobotiks Shark
02163;Russia;"Aist ""Stork"""
02164;Russia;Altius-M 
02165;Russia;Al'tjus Altjus-M
02166;Russia;AR-10
02167;Russia;CB Ray Tipchak
02168;Russia;CB-4 Albatross Rise
02169;Russia;Chirok
02170;Russia;Dozor-100
02171;Russia;Dozor-3
02172;Russia;Dozor-50
02173;Russia;Dozor-600
02174;Russia;Dozor-85
02175;Russia;ENICS DB Falcon Tribute
02176;Russia;ENICS E-85
02177;Russia;ENICS E-95 / E08M
02178;Russia;ENICS Eleron
02179;Russia;ENICS Eleron-10
02180;Russia;ENICS Eleron-3
02181;Russia;Forpost
02182;Russia;Fregat
02183;Russia;IEMZ Istria
02184;Russia;Kamov Ka-135
02185;Russia;Kamov Ka-137
02186;Russia;Kamov MBVK-137
02187;Russia;KB-3 Rise Remez
02188;Russia;Korsar
02189;Russia;Korshun
02190;Russia;Lastochka
02191;Russia;Lavochkin La-17
02192;Russia;Luch UAV
02193;Russia;Mikoyan Skat
02194;Russia;NELK Favourite
02195;Russia;NELK Hummingbirds
02196;Russia;NGOs Aviks Hummingbirds
02197;Russia;NGOs Aviks Lark
02198;Russia;OKB iS (KAPO)
02199;Russia;Okhotnik O-B (Hunter) Suhoj
02200;Russia;Orion UAV Suhoj
02201;Russia;Orlan-10
02202;Russia;Proryv'
02203;Russia;PUSTELGA
02204;Russia;Radar-MMS BPV-500
02205;Russia;REIS-D
02206;Russia;RHV-35
02207;Russia;RPV PCHELA-1T
02208;Russia;Russian Helicopters Hawk
02209;Russia;Shtil UAV
02210;Russia;Sukhoi Okhotnik-B
02211;Russia;Sukhoi Zond-1
02212;Russia;Sukhoi Zond-2
02213;Russia;Sukhoi Zond-3 Small
02214;Russia;Tupolev Tu-123
02215;Russia;Tupolev Tu-141
02216;Russia;Tupolev Tu-143
02217;Russia;Yak ALBATROS-EXPERT
02218;Russia;Yak Klest
02219;Russia;Yak Proryv-R
02220;Russia;"Yak Voron ""Raven"""
02221;Russia;Yakovlev Pchela
02222;Russia;ZALA 421-02
02223;Russia;ZALA 421-04
02224;Russia;ZALA 421-06
02225;Russia;ZALA 421-08
02226;Russia;ZALA 421-12
02227;Saudi Arabia;PSATRI UAV
02228;Saudi Arabia;Saqr 1
02229;Saudi Arabia;Saqr 2
02230;Saudi Arabia;Saqr 3
02231;Saudi Arabia;Saqr 4
02232;Serbia;BPL SILA 750C
02233;Serbia;Galeb
02234;Serbia;"Gavran ""Raven"""
02235;Serbia;Gavran 2K
02236;Serbia;IBL-2000
02237;Serbia;IBL-40
02238;Serbia;Kobac
02239;Serbia;Nikola Tesla-150
02240;Serbia;Nikola Tesla-300
02241;Serbia;Nikola Tesla-500
02242;Serbia;Pegaz
02243;Serbia;Pegaz 011
02244;Serbia;Pupin BPL 2
02245;Serbia;Rapier
02246;Serbia;Sova
02247;Serbia;Tip-Jet Helicopter
02248;Serbia;Vrabac UAV
02249;Singapore;ST Aero FanTail
02250;Singapore;ST Aero LALEE
02251;Singapore;ST Aero MAV-1
02252;Singapore;ST Aero Phantom Eye
02253;Singapore;ST Aero Skyblade
02254;Slovenia;C-Astral Aerospace Atlas C4EYE
02255;Slovenia;C-Astral Aerospace Atlas ppX
02256;Slovenia;C-Astral Aerospace Bramor C4EYE
02257;Slovenia;C-Astral Aerospace Bramor gEO
02258;Slovenia;C-Astral Aerospace Bramor ppX 
02259;Slovenia;C-Astral Aerospace Bramor sAR 
02260;South Africa;ATE Vulture
02261;South Africa;Denel Dynamics Bateleur
02262;South Africa;Denel Dynamics Bateleur UAV
02263;South Africa;Denel Dynamics Seeker
02264;South Africa;Denel Dynamics Skua
02265;South Korea;KAL KUS-TR
02266;South Korea;KAL TR-6x
02267;South Korea;KARI TR-100
02268;South Korea;KARI TR-60
02269;South Korea;Korea Aerospace Night Intruder DUV-4
02270;South Korea;Korea Aerospace Night Intruder NI-100N
02271;South Korea;Korea Aerospace RQ-101
02272;South Korea;Korean Air Aerospace KUS-7
02273;South Korea;Korean Air Aerospace KUS-9
02274;South Korea;uconsystem Remo Eye 006
02275;Spain;Aerovision Fulmar
02276;Spain;Alpha Unmanned Systems SNIPER
02277;Spain;CONYCA GEODRONE
02278;Spain;EADS ATLANTE
02279;Spain;EADS Barracuda
02280;Spain;INDRA ATMOS-2
02281;Spain;INDRA MANTIS
02282;Spain;INDRA PELICANO
02283;Spain;INTA ALO
02284;Spain;INTA HADA
02285;Spain;Paroca Robotics PRUAV-401
02286;Spain;SCR ALBA
02287;Spain;SCRAB I
02288;Spain;SCRAB II
02289;Spain;Singular Aircraft SA03
02290;Spain;SIVA
02291;Sweden;CybAero APID 55
02292;Sweden;Saab FILUR
02293;Sweden;Saab Skeldar
02294;Sweden;SAAB TUAV
02295;Sweden;SHARC
02296;Sweden;UAS Europe Spy Owl 200
02297;Sweden;UAS Europe Spy Owl 300
02298;Switzerland;Aeroscout Scout B1-100
02299;Switzerland;FR SWAN X1
02300;Switzerland;KZD-85
02301;Switzerland;RUAG Ranger
02302;Switzerland;Swiss UAV NEO S-300
02303;Switzerland;UMS Aero Group F-720
02304;Switzerland;UVH-29E Helicopter
02305;Taiwan;Chung Shyang II UAV
02306;Taiwan;NCSIST Albatross
02307;Taiwan;NCSIST Cardinal I
02308;Taiwan;NCSIST Cardinal II
02309;Taiwan;NCSIST Chien Hsiang
02310;Taiwan;NCSIST Fire Cardinal
02311;Taiwan;NCSIST Teng Yun
02312;Thailand;Aerostar
02313;Thailand;AeroVironment RQ-11 Raven
02314;Thailand;Apollo-1 UCAV
02315;Thailand;Athena-1
02316;Thailand;Black Kite UAV
02317;Thailand;Boreas-1
02318;Thailand;eSUAV500
02319;Thailand;eSUAV600
02320;Thailand;eSUAV700
02321;Thailand;eSUAV800
02322;Thailand;eSUAV900
02323;Thailand;IAI Searcher
02324;Thailand;Mercury-1
02325;Thailand;Mercury-2
02326;Thailand;T-eagle Eye III
02327;Thailand;Tigershark II
02328;Thailand;UAV DTI RTN KSM150
02329;Thailand;UAV G-Star
02330;Thailand;UAV RD01
02331;Thailand;Zephyr-1
02332;Tunisia;TATI Fixed Wing HALE Buraq
02333;Tunisia;TATI Jebel Assa
02334;Tunisia;TATI Nasnas 320
02335;Tunisia;TATI Nasnas MK1
02336;Tunisia;TATI Rotary Wing Jinn
02337;Tunisia;TATI Rotary Wing SAR
02338;Tunisia;TATI Super Jebel Assa
02339;Turkey;Atlantis AeroSeeker 405
02340;Turkey;Bayraktar Akinci
02341;Turkey;Bayraktar Mini UAV
02342;Turkey;Bayraktar Tactical UAV
02343;Turkey;Bayraktar TB2 UCAV
02344;Turkey;Globiha Mini UAV
02345;Turkey;Otonom Teknoloji Doruk-101A Aerostat System
02346;Turkey;SE Defense and Aviation Albatross VTOL UAV
02347;Turkey;TAI Anka
02348;Turkey;TAI Anka-A
02349;Turkey;TAI Anka-B
02350;Turkey;TAI Baykus
02351;Turkey;TAI Gözcü
02352;Turkey;TAI Keklik
02353;Turkey;TAI Malazgirt Mini VTOL
02354;Turkey;TAI Marti
02355;Turkey;TAI Pelikan
02356;Turkey;TAI R-300 R-ÌHA
02357;Turkey;TAI Simsek
02358;Turkey;TAI Sivrisinek R-ÌHA
02359;Turkey;TAI Turna-G (Turboprop powered
02360;Turkey;TAI UAV-X1
02361;Turkey;UMAY-VTOL
02362;Turkey;Vestel Ari
02363;Turkey;Vestel Efe
02364;Turkey;Vestel Ege
02365;Turkey;Vestel Karayel
02366;United Arab Emirates;Adcom Systems Yabhon
02367;United Arab Emirates;Yabhon RX-18
02368;United Arab Emirates;Yabhon RX-6
02369;United Arab Emirates;Yabhon United 40
02370;United Kingdom;Aesir Hoder
02371;United Kingdom;ArduCopter
02372;United Kingdom;BAE Systems Ampersand
02373;United Kingdom;BAE Systems Corax
02374;United Kingdom;BAE Systems Demon
02375;United Kingdom;BAE Systems Fury
02376;United Kingdom;BAE Systems GA22
02377;United Kingdom;BAE Systems HERTI
02378;United Kingdom;BAE Systems Magma
02379;United Kingdom;BAE Systems Mantis
02380;United Kingdom;BAE Systems Phoenix
02381;United Kingdom;BAE Systems Skylynx II
02382;United Kingdom;BAE Systems Taranis
02383;United Kingdom;BAE Taranis
02384;United Kingdom;Barnes Wallis Swallow
02385;United Kingdom;Barnes Wallis Wild Goose
02386;United Kingdom;English Electric Canberra U Mk.10
02387;United Kingdom;Ferranti Phoenix
02388;United Kingdom;Flight Refuelling FALCONET
02389;United Kingdom;Flyper research
02390;United Kingdom;Gloster Meteor
02391;United Kingdom;Meggitt Banshee
02392;United Kingdom;Meggitt Voodoo
02393;United Kingdom;ML Aviation Sprite
02394;United Kingdom;Novel Air Concept
02395;United Kingdom;Prioria Robotics Maveric
02396;United Kingdom;QinetiQ Mercator
02397;United Kingdom;QinetiQ Zephyr
02398;United Kingdom;RAF MQ-9 Reaper
02399;United Kingdom;Short Skyspy
02400;United Kingdom;Singular Aircraft SA03
02401;United Kingdom;Thales Watchkeeper WK450
02402;United Kingdom;UnKnown Aerospace Cygnet
02403;United Kingdom;UTSL MSAT-500 NG
02404;United Kingdom;Westland Mote
02405;United Kingdom;Westland Wideye
02406;United Kingdom;Westland Wisp
02407;United States;AAI RQ-2 Pioneer
02408;United States;AAI RQ-7 Shadow
02409;United States;Advanced Tactics Black Night Transformer
02410;United States;Aereon WASP
02411;United States;Aero Telemetry H-1 Racer
02412;United States;Aero Telemetry H-4 Hercules
02413;United States;Aero Telemetry XF-11
02414;United States;Aerojet AN/USD-2
02415;United States;Aerojet General MQM-58 Overseer
02416;United States;Aerojet SD-2
02417;United States;Aerojet XAE-3
02418;United States;Aeronca GB-1
02419;United States;Aeronca GT-1
02420;United States;AeroVironment FQM-151 Pointer
02421;United States;AeroVironment Nano Hummingbird
02422;United States;AeroVironment RQ-11 Raven
02423;United States;AeroVironment RQ-14 Dragon Eye
02424;United States;AeroVironment RQ-20 Puma
02425;United States;AeroVironment SkyTote
02426;United States;AeroVironment Switchblade
02427;United States;AeroVironment Wasp III
02428;United States;AIRS Seeker Wing
02429;United States;Alliant RQ-6 Outrider
02430;United States;American Dynamics AD-150
02431;United States;Applied Aeronautics Albatross UAV 
02432;United States;AQM-127 SLAT
02433;United States;AQM-128
02434;United States;Arcturus T-20
02435;United States;ASSET
02436;United States;ATAIR Insect
02437;United States;ATAIR LEAPP
02438;United States;ATAIR Micro LEAPP
02439;United States;AUM-N-2 Petrel
02440;United States;Aurora Flight Sciences Orion
02441;United States;Aurora Goldeneye
02442;United States;AutoCopter
02443;United States;BAE Systems Silver Fox
02444;United States;BAE Systems SkyEye
02445;United States;BAE Systems Skylynx II
02446;United States;BAI BQM-147 Dragon
02447;United States;Beechcraft AQM-37 Jayhawk
02448;United States;Beechcraft AQM-37A
02449;United States;Beechcraft KD2B-1
02450;United States;Beechcraft Model 1019
02451;United States;Beechcraft Model 1025 Cardinal
02452;United States;Beechcraft Model Model 1072
02453;United States;Beechcraft Model Model 1088
02454;United States;Beechcraft Model Model 1094
02455;United States;Beechcraft Model PD 75-4-1
02456;United States;Beechcraft MQM-107 Streaker
02457;United States;Beechcraft MQM-61 Cardinal
02458;United States;Beechcraft MQM-61A Cardinal
02459;United States;Beechcraft Q-12
02460;United States;Bell Eagle Eye
02461;United States;Boeing A160 Hummingbird
02462;United States;Boeing Condor
02463;United States;Boeing CQM-121 Pave Tiger
02464;United States;Boeing Dominator
02465;United States;Boeing HALE
02466;United States;Boeing Insitu RQ-21 Blackjack
02467;United States;Boeing Insitu ScanEagle
02468;United States;Boeing Phantom Eye
02469;United States;Boeing Phantom Ray
02470;United States;Boeing SolarEagle
02471;United States;Boeing X-37
02472;United States;Boeing X-45
02473;United States;Boeing X-46
02474;United States;Boeing X-48
02475;United States;Boeing X-50
02476;United States;Boeing X-51
02477;United States;Boeing YQM-94A Compass Cope B
02478;United States;BQM-90
02479;United States;Brunswick-Balke-Collender OQ-4
02480;United States;Chance-Vought KD2U-1 Regulus II
02481;United States;Composite Engineering BQM-167 Streaker
02482;United States;Composite Engineering MQM-107 Streaker
02483;United States;Cornelius XBG-3
02484;United States;Culver Model V
02485;United States;Culver PQ-10
02486;United States;Culver PQ-14 Cadet
02487;United States;Culver PQ-8
02488;United States;Culver Q-8
02489;United States;Culver TD2C
02490;United States;Culver TD3C
02491;United States;Culver TDC
02492;United States;Culver XPQ-15
02493;United States;Curtiss KD2C Skeet
02494;United States;Cyber Defence CyberScout
02495;United States;DARPA USN
02496;United States;DARPA Vulture
02497;United States;Dragonfly DP-12
02498;United States;Dragonfly DP-14
02499;United States;Dragonfly DP-4
02500;United States;Dragonfly DP-4X
02501;United States;Dragonfly DP-5X
02502;United States;Dragonfly DP-6
02503;United States;DRS RQ-15 Neptune
02504;United States;DRS Sentry HP
02505;United States;DSI/NASA Oblique Wing RPV
02506;United States;Excalibur
02507;United States;Facebook Aquila
02508;United States;Fairchild AN/USD-5
02509;United States;Fairchild BQ-3
02510;United States;Fairchild SD-5 Osprey
02511;United States;Fairchild SM-73 Bull Goose
02512;United States;Fleetwings BQ-1
02513;United States;Fleetwings BQ-2
02514;United States;Fleetwings PQ-12
02515;United States;Fletcher FBT-2
02516;United States;Freefly Systems ALTA
02517;United States;Freewing Scorpion
02518;United States;General Atomics ALTUS
02519;United States;General Atomics Avenger
02520;United States;General Atomics GNAT-750
02521;United States;General Atomics MQ-1 Predator
02522;United States;General Atomics MQ-1C Grey Eagle
02523;United States;General Atomics MQ-9 Reaper
02524;United States;General Atomics RQ-1 Predator
02525;United States;Global Observer
02526;United States;Globe KD2G Firefly
02527;United States;Globe KD4G Quail
02528;United States;Globe KD5G
02529;United States;Globe KD6G Firefly
02530;United States;Globe KDG Snipe
02531;United States;Gorgon
02532;United States;GQM-163 Coyote
02533;United States;GreenSight Dreamer UAV
02534;United States;Griffon MQM-170 Outlaw
02535;United States;Griffon Outlaw G2
02536;United States;Griffon Outlaw Seahunter
02537;United States;Guided Systems Technologies SICX-10E Avenger
02538;United States;Guided Systems Technologies SICX-10ET Venom
02539;United States;Guided Systems Technologies SICX-250
02540;United States;Guided Systems Technologies SICX-75
02541;United States;Gyrodyne QH-50 DASH
02542;United States;Hewitt-Sperry Automatic Airplane
02543;United States;Honeywell RQ-16 T-Hawk
02544;United States;IAI RQ-5 Hunter
02545;United States;Imaging 1
02546;United States;Insectothopter
02547;United States;Insitu Aerosonde
02548;United States;Interstate TDR
02549;United States;Interstate XBDR
02550;United States;Kettering Bug
02551;United States;KQ-X
02552;United States;Kratos XQ-58 Valkyrie
02553;United States;Lockheed Aequare
02554;United States;Lockheed AQM-60 Kingfisher
02555;United States;Lockheed D-21
02556;United States;Lockheed Martin Desert Hawk
02557;United States;Lockheed Martin Desert Hawk III
02558;United States;Lockheed Martin P-175 Polecat
02559;United States;Lockheed Martin RQ-170 Sentinel
02560;United States;Lockheed Martin RQ-3 DarkStar
02561;United States;Lockheed Martin Sea Ghost
02562;United States;Lockheed Martin Stalker
02563;United States;Lockheed Martin X-44
02564;United States;Lockheed Martin X-56
02565;United States;Lockheed MQM-105 Aquila
02566;United States;Lockheed QF-104
02567;United States;Lockheed X-7
02568;United States;Lockheed-Boeing QB-47
02569;United States;LTV XQM-93
02570;United States;MA-31
02571;United States;Marcus UAV Devil Ray
02572;United States;Martin Marietta Model 845
02573;United States;Martin X-23 PRIME
02574;United States;McDonnell ADM-20 Quail
02575;United States;McDonnell Douglas X-36
02576;United States;McDonnell KDD
02577;United States;McDonnell KSD Gargoyle
02578;United States;MMIST CQ-10 Snowgoose
02579;United States;MQ-25 Stingray
02580;United States;MTC MQ-17 SpyHawk
02581;United States;Nano Hummingbird
02582;United States;NASA Centurion
02583;United States;NASA GL-10 Greased Lightning
02584;United States;NASA Helios
02585;United States;NASA Hyper III
02586;United States;NASA Mini-Sniffer
02587;United States;NASA Pathfinder
02588;United States;NAVMAR RQ-23 Tigershark
02589;United States;North American MQM-42 Redhead-Roadrunner
02590;United States;North American X-10
02591;United States;Northrop Grumman AQM-35
02592;United States;Northrop Grumman AQM-38
02593;United States;Northrop Grumman Bat
02594;United States;Northrop Grumman BQM-74A Chukar
02595;United States;Northrop Grumman Firebird
02596;United States;Northrop Grumman GAM-67 Crossbow
02597;United States;Northrop Grumman KD2R
02598;United States;Northrop Grumman MQ-8 Fire Scout
02599;United States;Northrop Grumman MQ-8C Fire Scout
02600;United States;Northrop Grumman MQM-74A Chukar
02601;United States;Northrop Grumman NV-144
02602;United States;Northrop Grumman OQ-19
02603;United States;Northrop Grumman RP-71
02604;United States;Northrop Grumman RP-76
02605;United States;Northrop Grumman RP-92
02606;United States;Northrop Grumman RQ-180
02607;United States;Northrop Grumman RQ-4 Global Hawk
02608;United States;Northrop Grumman SD-1
02609;United States;Northrop Grumman Switchblade
02610;United States;Northrop Grumman X-47A Pegasus
02611;United States;Northrop Grumman X-47B
02612;United States;Northrop Grumman X-47C
02613;United States;Northrop Grumman XBQM-108
02614;United States;Northrop JB-1
02615;United States;Northrop JB-10
02616;United States;NSRDC BQM-108
02617;United States;Octatron SkySeer
02618;United States;Oregon Iron Works Sea Scout
02619;United States;Pegasus Aerospace PQO-3 Odyssey
02620;United States;Pegasus Aerospace PQP-25 Perseus 25
02621;United States;Pegasus Aerospace PQV-3 Vulcan
02622;United States;Piccolissimo
02623;United States;Piper LBP
02624;United States;Pratt-Read LBE
02625;United States;Prioria Robotics Maveric
02626;United States;Propulsive Wing
02627;United States;Radioplane AQM-38
02628;United States;Radioplane BTT
02629;United States;Radioplane Dennymite
02630;United States;Radioplane KD2R Quail
02631;United States;Radioplane MQM-33
02632;United States;Radioplane MQM-36 Shelduck
02633;United States;Radioplane MQM-57 Falconer
02634;United States;Radioplane OQ-1
02635;United States;Radioplane OQ-13
02636;United States;Radioplane OQ-14
02637;United States;Radioplane OQ-17
02638;United States;Radioplane OQ-19
02639;United States;Radioplane OQ-2
02640;United States;Radioplane OQ-3
02641;United States;Radioplane OQ-6
02642;United States;Radioplane OQ-7
02643;United States;Radioplane Q-1
02644;United States;Radioplane Q-3
02645;United States;Radioplane RP-1
02646;United States;Radioplane RP-2
02647;United States;Radioplane RP-3
02648;United States;Radioplane RP-4
02649;United States;Radioplane RP-5
02650;United States;Radioplane RP-70
02651;United States;Radioplane RP-71 Falconer
02652;United States;Radioplane RP-76
02653;United States;Radioplane RP-77
02654;United States;Radioplane RP-78
02655;United States;Radioplane RP-86
02656;United States;Radioplane TDD-1
02657;United States;Radioplane XKD4R
02658;United States;Republic SD-3 Snooper
02659;United States;Republic SD-4 Swallow
02660;United States;Resolute Eagle
02661;United States;RoboSeed Nano
02662;United States;Rockwell HiMAT
02663;United States;Ryan AQM-34 Firebee
02664;United States;Ryan AQM-81A Firebolt
02665;United States;Ryan AQM-91 Firefly
02666;United States;Ryan BQM-34 Firebee
02667;United States;Ryan KDA
02668;United States;Ryan Model 147 Lightning Bug
02669;United States;Ryan Q-2
02670;United States;Ryan YQM-98
02671;United States;Ryan YQM-98A Compass Cope R
02672;United States;SA-400 JACKAL
02673;United States;Sea Robin XFC
02674;United States;SICdrone SD10
02675;United States;SICdrone SD25
02676;United States;SICdrone SD5
02677;United States;Sikorsky Cypher
02678;United States;Simmonds Aerocessories OQ-11
02679;United States;Sky Sentinel
02680;United States;Sonex Aircraft Teros
02681;United States;S-TEC Sentry
02682;United States;Swift Engineering Swift020/021
02683;United States;Systems Integration Evaluation Remote Research Aircraft (SIERRA)
02684;United States;Taylorcraft LBT
02685;United States;TechJect Dragonfly UAV
02686;United States;Teledyne Ryan 410
02687;United States;Teledyne Ryan BQM-145 Peregrine
02688;United States;Teledyne Ryan Scarab
02689;United States;Temco XKDT Teal
02690;United States;Trek Aerospace Dragonfly
02691;United States;UASUSA Recon
02692;United States;UASUSA Tempest
02693;United States;Vanguard ShadowHawk
02694;United States;V-Bat
02695;United States;Vector P
02696;United States;Vera Tech Phantom Sentinel
02697;United States;WFEL JB-4
02698;United States;Wingtra WingtraOne
02699;United States;XGAM-71 Buck Duck
02700;United States;XSM-74
02701;United States;Xtreme Drones Velocicopter DELTA
02702;Vietnam;AV.UAV.Ms1
02703;Vietnam;AV.UAV.s1
02704;Vietnam;AV.UAV.s2
02705;Vietnam;AV.UAV.s3
02706;Vietnam;AV.UAV.s4
02707;Vietnam;ITAD M-400
02708;Vietnam;VT-Patrol
